"","V1","V2","V3","V4","V5","V6","V7","V8"
"1",-1.14453999123371,2.0662193111676,1.60275412705305,-0.174637294383559,-0.13555959046252,1.857053723065,1.07831470768157,-0.906878338482948
"2",-0.708292914771076,1.81276169364761,1.29446235605714,0.830535350996121,-0.0345694451997283,2.17338201748976,0.857928490654415,-0.526535205350786
"3",-0.8690655786008,1.6092878482238,0.56640657763044,1.18650841913649,-0.154238401313456,2.32886384103502,-0.156730544809151,-1.10167803912629
"4",-0.794677025349774,0.988686711787337,1.98675595701115,1.53914658297697,-0.138385967426989,2.61137776378694,-0.254391435447947,-0.63343983011318
"5",0.430928279567291,1.43436151788794,0.527135600033745,0.421542330706975,-0.158800062248788,2.03080599259956,-0.6526686056827,-0.699298455716203
"6",0.138172131176144,1.81487959723735,0.0482055607782036,0.116131331087792,-0.138949446472969,1.70843230422625,0.244647769851529,-0.732470043731917
"7",0.484847767095634,1.66109799076993,0.429880173185558,0.156291354028158,-0.141559703424851,1.9825400696179,-0.313618686891679,-0.710081347987075
"8",1.61806207579569,2.51011517629685,0.759027168269056,0.373986997756526,-0.155709136762582,2.03249400436842,-1.08129695864725,0.314995654496501
"9",1.1850302960386,1.04824811285578,0.4910833847169,0.243737948991632,-0.147243417369955,0.879379377174651,-0.627964783599065,0.519431557351437
"10",0.888344876224603,1.05693845774206,0.901275599151966,0.577230268957044,-0.168919217901286,1.30454635086449,-0.802978172442928,0.337681469635368
"11",-0.0111547236047818,0.753055000718832,1.17665929747721,-0.0396504150489205,-0.128824193645462,1.98138273861071,0.879063582720794,-0.829650373950159
"12",0.984546080142476,0.477100322304944,1.05183438415413,0.0345874832501069,-0.133649389846568,1.28695547704827,1.11054133423306,0.33517165553085
"13",0.101576483739831,0.872989266039893,0.905402668924394,0.435874938529317,-0.136468042955681,0.962575272868899,0.540926612577025,0.267104918792755
"14",1.32385789383955,1.10809810606234,0.544215039186475,0.424986531092337,1.72856629890085,1.66525349053085,0.381758012606437,0.198772170479372
"15",0.540523618483627,1.13476513710401,0.422298878012,1.32455730315404,0.358905505730642,2.40087098980062,0.555245484292655,-0.296625445827119
"16",-0.496263194125538,1.02195019600755,1.14394099965639,2.44699509458806,1.11385670140612,1.69055758880991,-0.255522488667284,0.500965969404672
"17",-1.0562595280161,0.0161950967749951,1.13686141750881,2.30360029978928,2.11734758481341,1.99847025351912,0.552013866443416,-0.368047391141766
"18",-0.763902404466568,0.146047995399507,1.65565902057059,2.76432201950663,1.92113720574456,2.63055796804495,-0.380169952312078,-0.342139179304765
"19",-0.846667744853597,-0.0253073038644041,0.936327191259267,0.971260328234654,3.18819383945999,1.45297545654722,-0.95799091676504,-1.05292985714158
"20",-1.06885492100903,0.592988163267023,-0.286602725897229,1.69392518405575,2.51276811120782,1.4689674336923,-0.215048351943776,-0.945383977774167
"21",-0.996920198317636,1.65379207867018,0.473053985251208,1.88827645317406,2.60653212815012,2.24320889035049,-0.627473961844883,-0.89232576500736
"22",-1.12165597601017,1.15144916534926,0.912328977580597,1.28092055919708,2.9503714700241,1.41828047782048,-0.621314278424078,-0.602657417427871
"23",-1.05868642156302,2.54738413747272,0.202939322380524,0.667189692928011,2.51324672421535,0.982005341749702,1.78428836982737,-0.0302985196426907
"24",-0.602450853231352,1.17223518823431,0.0860255348817522,0.50014433100587,2.44519077482921,0.441475832411984,1.63579253724315,0.146469086173006
"25",-0.611048532351959,1.68231739116886,0.256531428078287,0.849096163578099,1.26207429832064,0.797576170843288,2.12134351841746,0.416815960241099
"26",-1.14121863107668,0.453743466078966,-0.0341047324098659,2.25138864412146,1.6310683131785,1.23901803688131,-0.194446051667121,-0.322272973379382
"27",0.0982763497345337,1.21070333637979,0.854760269374815,1.18469441119406,1.74897878259764,1.5421843359462,-0.208740241085912,0.0937460065602159
"28",-0.540145009732225,0.929958851188538,0.356534199546811,0.767337610573262,1.41392511129769,0.951404425463432,-0.390134860753883,-0.374749980585007
"29",-0.492583399875348,0.125791648749237,1.2269456089691,1.21129624698346,2.24045786339485,1.49061868577352,1.06700216792528,-0.118853504334244
"30",-0.764372322844007,0.0430332572236395,1.30174899576346,1.33214714784098,1.92116906901782,1.99015554020044,1.60135175855223,-0.512215606475751
"31",-0.849077603550151,-0.615841046326818,0.484535088915165,1.6381214464828,1.3756876141852,0.683095441999811,1.08062697932236,0.131103786830517
"32",-1.34591775725163,0.192524743986967,0.571801583925397,0.808350598222273,1.74242165965856,0.921216863446187,1.49953213264343,-0.577137470564286
"33",-0.69011108032461,-1.29377979466318,-0.942214375471046,1.76753961103535,-1.47713804500254,1.55716831833262,1.09118502713634,-1.14635042599993
"34",-0.76284157740944,-0.74785522793458,-0.336417274621833,2.56323453584987,-1.27375514304201,1.62481443854669,0.968073562573048,-0.351792952604472
"35",-0.909944692481758,-1.15414675507569,-0.572374726163168,2.73127387413015,-1.12685050184074,1.52293686599383,2.00307909042165,-0.273851856303565
"36",-0.145487151896874,-0.94955299472019,0.596459401532759,0.141711643306781,-0.140612074701546,1.53316061284663,0.580535399478697,-1.19973501927396
"37",-0.857124741851359,-0.269943023898618,0.575125136789323,0.363816044072215,-0.155048061379206,1.6397027175207,1.16811251044437,-1.29207613957822
"38",-0.504479823283123,-0.0132504516808817,0.736141923203221,0.0887021614057047,-0.137166649163483,1.63602962973839,1.11443944973933,-1.11653255910183
"39",-0.334425544862336,-1.06651819509448,-0.465569488305333,0.26610730711291,-0.14869734513867,0.880437511420143,2.13994141031812,-0.882445935134887
"40",-0.584386969277847,0.0531157786097238,-0.206119282042447,0.363262061716148,-0.536179112895255,1.15446461681818,1.88132072236043,-0.814844765438312
"41",0.218541412825733,0.0353828232431907,-0.0698965540477787,0.199974703061935,-0.144398963892064,1.73591023986744,2.01346191984061,-0.864068666604588
"42",-0.899500732744307,0.0156872997481391,0.672735098167752,2.26494107723802,1.53576509895636,1.13296360180488,3.01153630175584,0.734122247110542
"43",-0.714442924067289,0.127433658364099,1.41852258807129,1.93430291804651,0.677235330495803,1.34979177792602,2.08083410569714,0.671539401668022
"44",-0.977832338522201,0.254106034857354,1.32267538811072,1.1094599826857,-0.234472725994417,0.868078683546226,2.5562654730656,0.520692563811884
"45",-1.32764448585146,-0.724347704057605,1.29227757872615,3.57147598818474,-0.231649794831545,2.53721979529783,2.15348896856092,0.0763249609119103
"46",-1.11277243134952,-0.866243001992935,2.50986638602337,1.29018810923789,-0.995895722424458,1.70284190509158,2.4626891054257,0.0661799817313833
"47",-0.618825523784484,-1.19274297567439,0.347318722720456,1.72259954604107,-1.30441671401608,1.89452428771629,2.82844129439719,-0.494268662276093
"48",-0.843726400409818,0.00685118762313126,-2.46864371325451,2.20381929064372,-1.17079714597946,0.522760807433576,-0.589737048325131,-0.723971069519427
"49",-0.744295622607912,-1.04435103009096,-0.274643193656051,0.756556428652355,-0.901342608256851,0.711008979798765,-0.0622288228545578,-0.972204392807934
"50",-1.2355189185276,-0.545275080061685,-0.761858761980806,0.923521602748725,-1.14539937071262,0.34349598750952,0.327791276584742,-0.843330164439532
"51",-0.7924748317836,-1.06631869140297,-1.01695490174631,1.06421575643173,-0.93753241840435,0.71635254115648,0.365824443171875,-1.06416046306624
"52",-1.06557531071578,-0.707655830478476,-0.637775045783074,0.981504240573689,-0.446702892250276,0.604381674735546,0.750142151407501,-0.865331150200085
"53",-0.551698281283445,-0.99425115587717,-0.359035211447446,1.59043430395931,-0.133964955629659,0.967683450215757,0.320148534510146,-0.52667825482313
"54",-1.18944617319949,-0.592801526595166,-0.728218912095577,2.04534939618103,-0.872326839629283,1.37307810573872,0.28474622213463,-1.00419374336026
"55",-0.897674645406187,0.18785404335143,-1.97768345761628,1.31238967323435,0.884606581542504,0.254790194192499,2.19154015191042,-0.379366072282235
"56",-0.582882319159675,0.0880686599458667,-1.79607178729681,1.67720933969184,0.706603285878941,0.698908594688546,1.59459248616416,-0.390193808785098
"57",-0.242035594697089,-0.483022044119048,-0.936535578850741,1.50909432053047,-0.438686440202901,0.868216847583087,1.87366562690798,-0.109908635896723
"58",-0.699784236889755,0.240367330100719,-0.820726556809004,1.43594709684228,-0.123923843179279,1.45778550196297,2.72737606986554,-0.540467522134842
"59",-0.185343923909522,0.303596011681878,-1.85937746829602,0.779554378877637,0.817746077027407,1.06126853090831,0.504357630734748,-1.21197876053435
"60",-0.340065718875037,1.42893890181618,-1.84379639313485,1.01248558781042,-0.127418485454934,0.947364991468737,0.901306278914176,-0.624858501287891
"61",-1.10665850589623,2.08349165029743,-1.90525599806742,0.938645158786457,0.720053920152441,0.818626760945849,0.142395593011475,-1.05432934841917
"62",-0.769993547690384,0.348871645223451,-2.0612410194982,2.04212525674782,1.40861379308683,1.20065430037841,0.799542994914922,-0.930125983220008
"63",-0.961569188957064,-0.423815166782631,-1.140418540634,1.96157550633598,1.10595057922678,0.688806040867106,-0.072672431904084,-0.616435353551746
"64",-0.875489221735506,-0.826585644752743,-0.145417453559125,0.702578890347598,1.7105237946271,0.821250074037068,-0.0889893306329878,-1.17658275060786
"65",-0.815769239429705,-0.151735666998578,-0.503612856624398,0.92060735751925,1.53008760350064,0.889896788532846,-0.544076828139887,-1.11144057307148
"66",-1.00344468804636,-0.40519231932472,-0.592410594305513,1.64285582525589,0.377673895727214,1.25171601387317,-0.982356094819084,-1.22333417229823
"67",-0.899306841548218,-0.700378161343974,-0.516374718895434,1.51288108946664,-0.359335266865539,1.5896889471227,-0.157973224871913,-1.39385202323328
"68",0.16868419317155,-1.15242199448576,1.66153495364039,-0.567879994553118,-1.31485363498179,1.02437501869666,-1.05872596250849,-0.867854180065722
"69",-1.01237301290067,-0.751931505631098,1.25729672813629,-0.275371294430107,-1.71292307308698,0.623231821291421,-0.681535920705132,-1.03786883233202
"70",-1.16899071572309,-1.40587851553619,1.40811806039997,0.0384691663010352,-1.62339016050598,0.765733864930887,0.0367614971004137,-1.03768800856797
"71",-0.775898377608482,-0.647558634518726,0.0558490836265856,0.246359380746491,-2.06317087901399,0.911895744111503,-0.0269713764571249,-1.17672609511082
"72",-0.992126092318629,-1.08881748738776,0.251538108238558,0.498013091795383,-1.6736711888901,0.0595259441353519,-0.997151241515539,-0.651823675859544
"73",-0.795685616578495,-1.06778267211429,0.57175187538831,-0.132204353252252,-1.78563264755002,0.314347919718971,-1.30913473375946,-1.05890304569637
"74",-0.286868594208803,-1.38060358647219,0.991495619299286,0.958722422802822,-0.193714834879473,0.836188846884049,-0.672315088065909,-0.34652275773475
"75",-1.03973832671267,-1.14134399648544,0.972140855637648,0.411922802600997,0.044753310266406,0.786876418332438,-0.747525395690059,-1.07848314124659
"76",-0.796981752561003,-0.687989116944816,0.088687951496544,0.187944703235471,-0.168990277432813,1.27351584591126,-0.203957398085714,-1.64682456228102
"77",-0.857611020434588,0.0725035054040253,0.928336997812457,0.601922852041532,-1.38803534973956,1.62475218260365,-1.28143095395536,-1.2912798951603
"78",-0.428721710351286,-0.526977190847337,1.32180681123943,1.00288441306148,-0.0535260430079155,1.93581214506333,-1.18409497012774,-1.06973485880969
"79",-1.25041659778094,-1.8233897772942,0.23973167913403,2.13747042122227,-1.49833095619937,0.736182085520305,-0.13419785376506,-0.399738382629389
"80",0.29863993886633,-1.47355226358121,0.824271568119837,1.39371903588707,-1.578965527153,0.69697801552279,-1.12671736813062,0.278203425588142
"81",-0.232965438488007,-1.12995611830975,1.19148845672726,1.87647770878069,-1.32707603886505,1.30887254185414,-0.351339095554247,0.131508493487752
"82",-1.44537096825239,0.832514831243596,0.941144822819809,2.73281827074307,-0.115161453067018,2.07767230794986,-0.291655786546341,-0.328867414608581
"83",-1.37252073981266,0.454529521590582,1.78986171610638,1.85436113956729,0.461884429410036,1.63103754070948,-0.642252862009449,-0.277308273293463
"84",-1.43986826766739,0.972091128277094,1.38712124441624,1.78410240745516,-0.11553456903962,1.96046873415664,-0.30634789880517,-0.594146495301576
"85",-0.836070150702664,0.0103421104374413,1.42618254149802,1.4959641737915,0.939614401304287,2.04427350316446,0.343998191334276,-0.651084658116542
"86",-0.925764318395887,0.826116030347198,0.830342293021998,1.28308577934893,-0.129497465847604,1.54522735580763,0.726258176919996,-0.333371356309715
"87",-1.29094399331894,-0.87894797298046,0.611940480645175,1.82015711761864,-0.589248142627248,0.875028058848998,-0.428035316746569,-0.410884028565406
"88",-1.28608608224095,-0.636865196949411,0.438704009214953,1.22868975284865,-0.629034186369831,0.555468646190371,-0.803978220596114,-0.589684373691663
"89",-0.674430528780173,-0.296341664538854,1.14240339803797,1.46239675940395,0.75226744974749,1.17188957019649,-0.772625163721385,-0.240290536474609
"90",-0.773708805208763,-0.341608317718446,0.362781889122495,2.31328344808478,0.36443262646921,1.46813386882917,-1.09494407321889,-0.419421630127814
"91",-1.11828690635384,-0.358204450776437,0.512989157595425,1.67877636240451,0.209074064630765,0.800177567031496,-0.933997117959973,-0.359821939000077
"92",-0.705440039842217,0.720973538833134,0.991211275407004,0.200556339128094,-0.144436768143007,1.04715292481139,-0.727056594141164,-0.694135706170343
"93",-1.24131823107642,0.103150359117413,1.35530838427301,0.917471605669679,-0.128997447651399,0.60183898866764,-0.958207467705058,-0.235873638101862
"94",-0.472384904621557,0.0699171105424443,0.406008997453837,1.07664086097049,-0.346490280222803,1.09046352460636,-0.836687423099033,-0.485702030114959
"95",-0.843735404245041,0.0753807325717314,0.536668495125023,1.24935347072522,-0.953784969537866,1.07002372984639,-0.667693695869807,-0.467687501936828
"96",-1.2748327137217,0.362003787921276,-0.613780130854525,1.24042956616234,-0.126724965513712,0.508340754847302,-0.972781307450635,-0.778956796888492
"97",-1.31589417177014,0.548882468012737,-0.290194091704064,0.958979054409779,-0.123940753358327,0.394205071175559,-1.09228390076754,-0.711721763534855
"98",-0.189979241206594,-0.113168857965517,-0.496727084789258,1.28836684610473,0.345748697041522,0.87660859109334,-1.11142422309277,-0.528921996121306
"99",-0.717529166058214,-0.689478417723265,-0.0783163035382849,1.50032222811628,-0.14361705316555,0.751472569990562,-0.804684628517407,-0.503494792927439
"100",-0.78565901178011,0.85573124012677,1.1094231383303,-0.598972545916046,3.69816160946638,1.519806269326,2.6942604588805,-1.07532085305352
"101",-0.451749854767697,2.17650106852937,1.04789161559975,1.14463506698075,2.76684956378156,1.25614183338043,3.23540490682217,0.94853313952249
"102",0.791196263567663,2.52038314715204,0.653559429988965,0.237268145923498,1.64280970043488,1.22253256305899,2.62946084783467,1.00929262749998
"103",0.893988501610421,2.11143490641887,1.29104818978562,0.334456509162718,2.05363887434735,0.957556205244051,-0.134110568836961,0.988073744099824
"104",0.861886987512207,1.445728309299,2.68187704666442,1.61334494289859,2.17418549382804,1.48749588259339,-1.20267113344295,1.55317519556301
"105",0.712648132176611,1.01109507285345,1.1265581667375,0.0360175929713381,3.18694501865669,-0.480533595592705,0.217070841370925,1.56502396197309
"106",1.30010687607676,1.9539392854457,1.58757406545002,0.638822944442254,3.50572593556567,0.260233297079236,0.173298591655984,2.11696737939144
"107",1.52477492841539,2.74171482329149,0.514130434139023,0.276667364711708,3.09592561595303,0.537824364862491,0.809683152497703,1.66366748684806
"108",2.51872455392707,0.713904138339966,0.870144459152378,1.69787591432654,3.99989017017563,1.14006679218626,0.41916582930052,2.14005665715673
"109",0.683707981806158,1.5392698808446,1.18574544038922,1.27173687219204,3.94091984843129,1.39813404902709,1.38990763882622,1.08404012301322
"110",2.30877506866965,0.995111218199007,-0.343850151852531,1.12092986778668,2.94879649404324,1.84242281599576,1.23157717811609,0.77537423743026
"111",1.59759330385174,0.849075760967439,0.824399788519051,1.97646500432065,2.28446299993112,1.31933116767842,2.26458543550397,2.04113705264361
"112",-0.340683438754682,1.70279184918959,-0.783546672327343,0.892534112644442,2.03287489683334,0.526070916149941,-0.313325400873241,-0.111309382717705
"113",-0.991853185104161,2.78690765040977,-0.407163642180066,0.581184909154116,2.98102671371389,1.20411167751481,0.371097651022142,-0.729776733095112
"114",0.0862228660943377,2.26747904257782,-0.921875116447381,0.217663469629637,4.01855336094962,0.277039056155883,0.558826539266575,0.113482674791048
"115",0.954501703191856,2.31380992826844,-0.384370072354736,1.19631492380652,3.58717690542991,0.938396188301577,-0.712297858520077,0.726058817443399
"116",-0.137956886845342,2.13444528746107,0.376941321246429,1.02113672965325,3.06589810483724,1.06555162040008,-0.723733029240836,0.146785055702715
"117",0.474925576954084,-0.433702438630011,0.0690686060250278,0.145940261399715,3.99219699505705,0.620577385370926,-1.05933154344489,-0.608411570242479
"118",0.0203978189959336,0.321972885280762,1.19969727337872,-1.08049744373092,2.91706244054901,0.545344765131709,-0.809651408794417,-0.79589233562725
"119",0.104540354654593,0.977141140038566,0.200432897474956,-0.396182446028978,3.36510852999763,0.395513102759098,-0.151526221782235,-0.335708786225389
"120",-1.12832635044888,0.531604906728103,-1.21394286593814,-0.99287216664628,3.32566192058944,-0.933314569834116,-0.286965980565769,-1.10427283252359
"121",-0.0725811664016404,1.13624906863495,-0.989592493117731,0.13488199295741,3.19956350966568,0.316734315481627,-0.814084045192885,-0.643646276146857
"122",0.0982944270930433,1.00856008903432,-1.04161174870769,-0.164084257047141,3.85874014558058,-0.22111497458343,-1.11764349841212,-0.410904493522913
"123",-1.23849004181613,2.33178352777575,0.827023003143788,-1.82364017935518,1.24192931440133,0.097510883545437,1.03255034524554,-0.83846517466819
"124",-0.0336102517316399,1.97987140584716,-1.08968865869719,-0.576724772681801,1.40047545087595,-0.156779103479154,0.754985690243613,-0.101580863109488
"125",-0.65140017925941,2.2190868885634,-0.560382834202962,0.37623921219507,1.12437591578107,0.0328653244880824,-0.332712124981044,0.0716075224224929
"126",-0.0285187267872196,2.42766165076055,-0.0252703532422513,-0.571413158454715,1.51850016011965,0.383296968534996,-0.00244773058665809,-0.109917850292341
"127",-0.923315116260367,1.6153697404961,0.124996738007874,-1.45842137512335,0.432593702610869,-1.25701773091295,0.0705700439503695,0.089732967822172
"128",-0.193201702835207,1.53016944469406,-0.145513038010741,-1.22044303212016,-0.344524146943038,-0.135172696935726,-0.628296683833945,-0.523645458818978
"129",-0.246441807546405,1.71149518214276,0.16918080592489,-1.15667747187346,0.0536523337159459,-0.325962503256098,-0.644930611338491,-0.180199987764132
"130",0.151733194047774,1.88959651293151,-0.118676335560358,-1.65932720787532,0.895868051651802,-0.484041000898036,-0.235249656609673,-0.156714668522323
"131",-0.0953193229213778,2.53427073307128,-0.250828026902752,-1.4762506903691,0.142046947334244,-0.382542958124667,-0.47052723316907,-0.171382807162345
"132",-1.15745999894732,0.621121682984652,-0.351297406009862,-1.73910748370472,0.506486998939848,-1.14243562246978,-1.15356045191611,-1.05656868557891
"133",-0.9942912014329,1.24033942597986,-0.103609654009826,-1.05523730128896,0.910886085400265,-0.81302370698937,-1.28092319557738,-0.562855531870407
"134",-1.23792174763537,0.652968212981651,-0.940396636836522,-1.46512615967317,1.73509888504223,-1.45122624666352,-0.916117962702545,-0.924818654921154
"135",-0.748579488426416,-0.223900486156095,-0.808121416312778,-1.75336073465063,1.17042190183886,-1.40941293930588,-1.14261242304071,-1.05061282788
"136",-1.18923650202372,1.62773878749233,0.943303119436377,-0.625654216417179,-0.0907360556326352,-0.526264845191424,-0.605240498261387,0.0901276769850958
"137",-1.70882181585156,-0.0414776548685143,1.72109614847064,-0.524696993732872,-0.0972979117537277,-0.725166207957176,-0.837586509873007,-0.153755392739832
"138",-1.18197702654202,0.0890416661698394,1.65573743061863,-0.618080938534678,-0.0912282914381453,-0.583400901468254,-0.840936740517504,-0.00718210680226333
"139",-1.49298623433351,0.0912009756078817,0.994770435831868,-0.538145681836696,-0.0231553947861606,-0.26313690198779,0.267864342066323,-0.507169840545145
"140",-1.30536394464729,0.382349675978747,0.424628347067212,-0.103799012850539,-0.124654765664462,0.254281789062991,-0.174062071350228,-0.814387155869389
"141",-1.31403178887556,0.686798935682909,0.948649925049791,-0.470762698543213,-0.124067034044389,0.266495130549488,-0.0126568500214916,-0.714771274730635
"142",-0.271389437072606,0.363713947666659,0.504532299221913,-0.705475289018547,-0.852158980027554,-0.525346104134992,-0.427069219623906,0.116918694055012
"143",-0.813658965737907,0.222712143291142,0.863962795967958,-0.233841742377164,-0.116202456279762,-0.258046942690807,-0.660216953337919,-0.0977374379660488
"144",-0.249714973175598,0.781349018122524,0.914083657311353,-0.52713691844133,-0.418437408290468,-0.0434701390574279,-1.06636236781694,-0.0119112926962929
"145",-0.141457921549732,0.522308182837777,0.904735426685992,-0.175586176455279,-0.119988858398088,0.163612900179481,-0.774060866218156,0.0670947938624463
"146",-0.886399871918161,-0.286740693752633,1.21265101813085,-1.18129630377439,-0.132166610480608,-0.261439488167486,-1.16515779324683,-0.824942368980354
"147",-0.931809883108138,0.275090308584148,0.825928145613521,-1.46728334181054,1.20257434138545,-0.60398370066638,-1.2942246817378,-0.836009850097597
"148",1.03390891577003,0.49960766671801,1.44144339726837,-1.58421464089451,0.642272319928537,-0.00218498514776178,-0.654665814604955,0.254343743966334
"149",0.225901927841287,0.21007302945315,0.819394988581989,-1.46264535896352,1.04866556182123,-0.22892614943394,0.124355388453798,-0.192737421540847
"150",0.14743647569579,0.311363435710564,1.46923755107934,-2.02173081880723,0.639691180546222,0.272527857133125,0.735779423865002,-0.576793824519928
"151",2.70400529900594,-0.846423364053123,-0.762408046779516,-2.40388820596435,2.66552930905671,-0.934744875206439,2.10998120581019,0.640752263187696
"152",0.242391717054783,0.423192619878427,-0.936399628859829,-1.80336393240244,2.13260528524204,-0.955768372148639,0.474145335919924,-0.476007029251281
"153",-0.51481072608183,-0.360629153615964,-0.862452268596995,-2.18890932497165,3.06938652624132,-1.10130061154527,1.88254441995815,-1.01419354527937
"154",-0.551837155558192,-0.617379399893514,-1.24305389897132,-1.39238690737154,2.81542892507611,-1.22112181292598,0.775519652261327,-0.868142624674443
"155",-0.519384133996329,-1.82928899180921,-0.59254243113621,0.716156028130136,-0.177948892242249,-2.52621755679982,1.47467241611604,1.82808563213222
"156",-0.908848286711915,-1.08166372947719,-0.523341370886954,-0.525292706991333,-1.12809294271805,0.22718977787307,0.573452896867046,-1.46365156959477
"157",-0.408281289715168,-1.16872691016309,-0.519494995724469,0.06975197658772,-1.12024153110105,0.546703040845285,0.881913640165431,-1.01778156083385
"158",-1.21480721703992,-0.672898729551099,-0.216385813984512,-0.36724898640549,-1.423000286258,-0.123487822260401,0.69120878592193,-0.96266695133833
"159",-0.485617126969662,-1.20398874839485,-0.487569751241692,-0.607462092320249,-1.43065088613768,-0.0635708177590056,0.3161774201139,-1.06199585682184
"160",-0.782607752142051,-1.02755289942221,-0.832967031113825,-0.476482337356024,-1.54977951478247,-0.438958205657141,0.0119607322586424,-0.994894118544634
"161",-0.930364117453303,0.107864851271635,-0.539051077594069,-1.02496680725627,-0.613697612302392,0.116784960452403,1.30524066736531,-1.25757514033994
"162",-0.529791275127206,0.112275908133631,-1.05017372058897,-1.25008100525346,-0.322869461183636,-0.376584968989711,1.2049993364514,-0.989664028730451
"163",-1.0077283347895,-0.338611828942134,-0.772321741417199,0.326009424095827,-0.963561691350447,0.491601514689499,1.412360256816,-0.960051200112179
"164",-1.02102369813876,-0.485190708406612,-0.12312829067535,-0.00936187254415144,-0.783937170695838,0.0377009500844977,1.57450241733047,-0.519083089461647
"165",0.465896431133403,-1.36302362264947,-2.05892548596486,0.136520816356611,-0.140274689632,0.132956742756118,0.968749989150755,-0.849895851037624
"166",0.509301686197577,-0.623629352198361,-1.49688292115413,0.0624952794081187,-0.784388360922533,0.118704153923249,0.346372016295038,-0.493853967344245
"167",-0.497253542657857,-1.17502763171927,-1.91033370080548,-0.619601510627418,-0.916925439081912,-0.32861761790277,2.24497635601241,-1.1283650473269
"168",-0.638641729561747,-1.10242730464014,-1.30643394758868,-0.409180267232931,-2.09103792587696,-0.442110390612457,1.37202977660831,-0.811429638567474
"169",1.43601168857971,0.0249807543365405,-1.54353058158255,-0.137434027687203,-0.122468610755277,0.440432612871764,2.77400757163258,0.263480885586896
"170",0.73178967951386,-0.354299666577261,-2.44336767548607,-0.981356975965162,0.148653282423563,-1.32412493567684,1.6078888575176,0.0735743706928231
"171",-0.193740736932123,-0.66660260292903,-1.25484017712132,0.247099213556876,1.39277302822738,-0.888490421361718,2.13902733655245,0.408972776011383
"172",-0.308464107288579,-0.81826257355086,-1.46715567410131,0.568225015998142,-0.139425425595036,-1.05162807885166,2.10920699317883,0.604740371201577
"173",-0.778282095283202,-0.305977256388866,-1.00659212605465,-2.38088255083973,1.17243591602608,-1.14866067615413,2.16729973812755,-1.17282293762488
"174",-0.601056293262911,-0.876239539197277,-0.170057510677731,-2.19599588099254,-0.151514609745904,-1.53910045550752,3.00631197815178,-0.181672667943584
"175",-1.00058647176005,-0.818540457759494,-0.46177303866607,-1.06180469471196,-0.124424076864611,-0.55398188135424,2.70506401616401,-0.723393385613889
"176",-0.396060084559807,-0.580618535006499,-0.422179997681805,-0.871954964059088,-0.647590421613566,-0.0803102489667656,1.86220628659751,-0.696101094388727
"177",-0.247684856287456,-0.653482530776971,-0.362077175040456,-0.680746039938957,-0.814309643864612,-0.0584037402205944,2.1487105603387,-0.434433413906869
"178",-0.537733117691098,0.177188417489165,-0.348838597299023,-0.065295613025449,1.63077313653652,0.119312758495335,1.85076572444308,-0.293276329971621
"179",-1.23695576637298,0.547158722614402,-0.104006858642493,-0.711856162107224,1.16408008267578,-0.705635380549717,1.5357581018538,-0.250933593447264
"180",-1.03549281636341,-0.317004421367578,-0.262243504753768,-0.896025755054115,-0.142953640362706,-0.92339926768798,1.52677073820184,-0.316628370038322
"181",-1.23888044111919,-0.306940014674275,-0.675921436757001,-0.034441653893986,-0.129162744373771,-1.05898238348587,0.942166037266579,-0.0690194518738706
"182",-0.915281620633667,-0.368443187737592,-1.4601887540966,-0.972812405402069,0.254494066038282,-0.986894271348365,1.65677365680787,-0.777650688886868
"183",-1.0082279382469,0.171713289479406,-1.5280531747997,-0.115320048891642,0.596177892609781,-0.308678932150476,1.49644355796812,-0.796304003422428
"184",-0.933485149038372,0.342860109195168,-1.11991307953531,-0.753188703622721,0.946219720145211,-0.429630252321008,1.07258677852477,-0.918689670279451
"185",-0.647723413691971,-0.90096721372253,-0.429147617739436,-1.3731109485159,-0.906722682924099,-0.804571236486152,0.528111519849815,-0.881982008863847
"186",-0.772226314539603,-0.611617505462475,0.0585302273163428,-1.89733678588026,-1.03754700971369,-1.17282923604709,0.983472909127684,-0.584778230321639
"187",-0.676860388853625,-0.910802968661784,-0.755755972787528,-1.7978485160235,-1.5766781419197,-1.01012496543586,0.693247298477906,-1.08262449005173
"188",-0.351704340134271,-0.461043195914076,-0.968377001766776,-1.98233246540128,-1.45829119923442,-1.27214382824553,1.00434366609667,-0.691224080337118
"189",-0.639228284869068,-0.828560147553006,-0.422944929874344,-1.96078387100547,-1.43996345613972,-1.58269154491802,0.883609344096751,-0.468777432617196
"190",-0.860330270796446,-0.651789145977377,-0.53614893397843,-1.63132801602292,-1.30776957360309,-1.31449447191513,0.988769056002065,-0.611360545501137
"191",-0.894408287827639,-0.770127741501628,-0.561030875984525,-1.66687910966769,0.351720350253745,-1.32902005800537,0.24371480607153,-0.897252134850307
"192",-0.849171535374926,-1.26350409210866,-0.7047848810952,-1.85830103319301,-0.539121559691693,-1.70547488381992,-0.0375557763019184,-0.885900955648961
"193",-0.392846528368175,-1.16513877940562,-1.17520028085384,-1.42871782351192,-0.123839631260606,-1.38616575983573,0.0314265044413446,-0.794702740396619
"194",-1.15910646203916,0.174902239113271,-1.4132003118996,-1.86013217114828,-0.341719300562488,-1.60918732024062,0.113700658115977,-1.05387272673679
"195",-0.748519139201276,-0.840675822302972,-1.33842772592424,-1.99191188345356,-0.141515747853444,-1.64403378907084,0.0020969484891504,-1.1361345866682
"196",-0.718392102442294,-0.621338229539491,-1.13964712021036,-2.07978961086171,-0.143558540923558,-1.23304808724815,0.561289281971349,-1.27088827328485
"197",-0.185303476306674,-0.929991251570227,-0.975430646653893,-1.12931627886367,-1.41155729736528,-0.408546237128821,-0.948032753043029,-1.29746793192059
"198",-0.762060622064986,-1.35740307629361,-1.47686563036834,-1.80384455184736,-1.72989574854303,-1.23049763278818,-0.513067914140372,-1.61858233197516
"199",-0.555099385749579,-1.74967206766998,-0.891868889066391,-1.87301836610269,-2.1164309200417,-1.8575897610057,-0.690211094859592,-0.862800969357031
"200",-0.898837311895914,-0.840680837594907,-0.564264712035183,-1.91011369208163,-1.66026840133139,-1.88566534144488,-0.385402473072523,-0.633731118284708
"201",-0.64478920047796,-0.728295212055665,-0.250221754682922,-1.60866400597751,-1.53822801371699,-1.68430603807099,-0.808495423141687,-0.374248912212319
"202",-0.762504366796448,0.0438849653878201,-1.52542244752639,-1.76788753808734,-1.4327726993543,-1.65559948237857,-0.872073167299698,-0.942388950760064
"203",-0.0244895540219307,-0.829299069522633,-1.48482894807194,-1.48524630508653,-1.43985357013569,-1.62731522475431,-0.376466833486892,-0.46612383126299
"204",-0.338316103590583,-0.729073333207064,-0.958601628835336,-1.25252318083078,-0.946262573096356,-1.46300132375142,-0.628503940157317,-0.456877481058475
"205",-0.13881734911843,-1.01504549988014,-1.16650524381162,-1.99885720153244,-1.35435626395315,-1.27503147010192,-0.615408089391767,-1.1252333755996
"206",-0.844316942636909,-0.815821878160355,-1.05480723319344,-1.25670132614583,-1.26939872456485,-1.29015073293578,-0.671978220630109,-0.979272925750006
"207",-0.755148427524224,0.732575462600615,-2.22718536600498,-1.04437130645459,-0.782236778197734,-0.665278151782335,0.972397258800679,-1.12527962820622
"208",-0.688985725729613,-0.539396527598364,-1.82530999081643,-1.45257682983694,-1.71395424086994,-1.46211150816363,0.467905948595546,-0.891924284590575
"209",0.0305075221454674,-0.081169962726691,-1.75000712706281,-1.94152004612907,-0.754259452332803,-0.778738142892363,0.910411654717737,-1.14622122703873
"210",-0.523203733728215,-0.672857432986261,-1.7524976820209,-1.6011298669549,-0.560056025947263,-1.19892457299691,0.878830825662141,-1.08587357125485
"211",-0.473465630258002,-0.787246283092958,-1.5393981262302,-1.66854880802913,-0.681798511547736,-1.03447174797377,1.34978512147911,-1.08189301404751
"212",0.0360980278238688,-0.455556007667714,-2.27627561275897,-0.74261734833263,-0.577083604438005,-0.583351017227802,-0.0150820375112382,-1.06995231595672
"213",-0.173795928799017,-0.654059161313253,-1.54561164399667,-1.08089135920467,-0.720678133681907,-1.10065947494071,-1.0899567002682,-0.897112712725722
"214",-0.7606552405019,-0.126606037793139,-2.05442268797127,-0.930809106842454,-0.14069284768462,-1.28294767133042,-1.1381796110554,-1.11626263826423
"215",-0.520536701209238,-0.256990017118423,-1.70231753925264,-0.799618114250036,-0.156974319108343,-1.05839840374154,-0.894942658353045,-0.911478003200227
"216",-0.615446479207475,-1.46533687694136,-1.77161557351919,-1.97239399894596,-0.150538869172398,-1.75335991943739,-0.649705699755996,-1.43945394875697
"217",-0.80198110958514,-1.61892235050339,-2.08459662317823,-1.21253545921833,-0.917159511803984,-1.89705386179996,-0.400272635901159,-1.04859465183027
"218",-0.141407132962313,-0.159555701774553,-2.40588036976174,-1.76294482619209,-0.140888724359198,-1.64663966484406,-1.13727706230929,-1.12099280034003
"219",-0.649680747112567,-0.247340535089062,-2.85731234830472,-1.05365167077961,-0.0594401225054866,-1.68948673666327,-0.00805108086783093,-0.956283215663212
"220",0.528712293678213,-0.960896657004459,-2.06129352758072,-0.000142171953223746,-1.13964625320634,-0.303101835236603,-0.330553934260079,-0.618977060358774
"221",-0.143446142472364,-1.1884901577034,-1.16988494069027,0.382454985336992,-2.06426207442061,0.216884182844534,-0.333758769793968,-0.861385251931075
"222",-0.426064948848046,-0.320164870152252,-1.68157214636786,-0.18741451628154,-1.17822066529865,-0.100575071257644,-0.399623734112622,-1.15950804641739
"223",-0.406711846366166,-0.34905696837354,-1.36210745089334,0.107809201692416,-1.53347465840001,-0.162678450134252,-0.0303451360201502,-0.686576388883197
"224",-0.318928281212524,-1.57690394330317,-0.414095306426401,-0.158533808684323,-1.51969858435809,-0.255097585579871,-0.565006891040074,-0.74489239898779
"225",0.217141054483208,-1.20231084706286,-0.472718754793572,-0.242294461376556,-1.00131801483803,-0.063787152257001,-0.298790905083196,-0.528000668897779
"226",-0.316243501698644,-1.40089621165871,-0.540685663547388,-0.311459968720546,-1.34349380888685,-0.693118100238252,-0.15196463216422,-0.399680007306935
"227",0.144762377172552,-1.12906249555626,-1.18446679928354,-0.71214292254476,-1.45132986217574,-0.771297538625538,-0.463083401428727,-0.572415190347006
"228",-0.734604358170361,-1.83151866717686,-0.315799970191325,0.206551286711179,-1.0981148776173,-0.838509698059389,-1.03349258081506,-0.398029264406017
"229",-0.632070846188102,-2.19596966751581,-1.4784196984362,-0.163711240230579,-1.51936206994159,-1.10806931260658,-0.406546959600559,-0.822188963340325
"230",0.378432985466399,-2.56797527301446,-0.885302402808195,0.0452766238158345,-0.13434414551224,-1.10411146961305,0.666533747780434,0.232971285540691
"231",1.47301331921355,-1.08550385176587,-1.37988942615251,-0.85109520280449,-0.14587396455016,-1.43752089726075,-1.13071770632064,0.467079086380326
"232",0.694733402082934,-1.33066685053195,-0.525806147915795,0.173055463534263,-0.134894781134893,-0.927925286478343,-0.455105416076395,0.646788872538712
"233",1.62273521116355,-1.05840281204531,-1.10186097369483,-0.264140303178167,-0.114233158874721,-0.545474151102453,-1.1493224702492,0.291510250233468
"234",1.30373437762114,-1.16613727913033,-1.10976201273992,-0.275429236289348,-0.113499418852297,-1.06184120047572,-1.25527418815165,0.48007498226362
"235",0.848797170086638,-0.50999966111539,-1.16868368955215,-0.70356465665356,-0.124444802785583,-0.663862622939679,-0.573004364724499,-0.125933298674643
"236",0.460737472407181,-0.44362106931968,-1.22700781075287,-0.428976473318916,-0.119028459219451,-0.78584425307143,-0.96721647177269,-0.165981663371058
"237",-1.11066020925853,-1.48553223285266,0.518557763146917,-0.699408331555037,-1.66563386764295,-0.680326531964199,0.570022730055032,-0.543155961912554
"238",-1.08260390399702,-1.0272710291016,-1.0520081462607,-0.670139247771053,-1.58862295604604,-1.64236653571902,0.164402252948951,-0.332827216269613
"239",-1.55817253332156,-0.692391345607701,0.0632576042713672,-0.367535655799405,-0.10751283308276,-1.57850167396469,0.522387875092937,0.112105445002111
"240",-1.19230221555191,-1.38569019959376,-0.601753601922376,-0.307351230285622,-0.111424604132435,-1.69106157150585,0.712731300663959,0.0176413588196089
"241",-0.585078618420062,-1.42412252666989,-0.431640563511542,-0.316881865156557,-0.110805147167366,-1.22475305278568,-0.254288843055557,-0.138245459491908
"242",-0.995594326420643,-1.70720170680126,-0.988478415019341,-0.102140329053608,-0.124762574141523,-1.40534495011951,-0.0792001499159442,-0.389875880229042
"243",-0.685707419944727,-1.70642327660805,-0.280098045983347,-0.33897339375539,-0.124878335462559,-0.438335822064123,0.618814924838842,-0.73436312867932
"244",-0.701649270095486,-1.02835557616006,-0.998871761914212,-0.116990249073987,-0.123797382786287,-0.525323160509435,0.363561339251,-0.708259554243635
"245",-0.808548687325261,-0.494561116333412,-1.07692398829704,0.129410596046011,-1.29038425211231,-0.703047719232083,-1.29866234659927,-0.618642781501584
"246",-0.888067129439406,-0.770685905241756,-1.48855100941542,0.404376002581945,-0.614229404738005,-1.12261754749543,-1.21272997347783,-0.403014402551302
"247",-0.565231019637832,-0.421334939919162,-1.12428274156667,-0.296176322275788,-0.112150932933656,-1.01818330326044,-1.26148766036649,-0.512436168018836
"248",-1.01245461523582,-0.549817222961378,-1.35435581006157,-0.11972943073161,-0.123619345837082,-0.990695098919084,-1.02401669531886,-0.789383139385154
"249",-0.681213681724498,-1.0533046459667,-1.16073424809643,-0.0956712998171099,-0.125183037759323,-1.14827512596628,-1.00040027626992,-0.485452460810216
"250",-1.18135479289664,-0.589112202816697,-1.78301176652928,0.0255706321807648,-0.133063326979452,-1.06185973273135,-1.42771012746751,-1.0174427669068
"251",-1.1288314295685,-0.393829666998371,-1.03752818985325,-0.396863811817207,-0.136624724785818,-0.932602893020003,-1.18564429652737,-0.932599920659898
"252",-1.0983209425625,-1.44563922917952,-1.68222598792127,-0.209307466945666,-0.117797095881924,-1.68276347968353,-0.759542937205431,-0.64878351978679
"253",-0.442959144584567,-1.25307218096186,-0.986773551663356,-0.682267204000682,-0.141338118701608,-0.827285078188342,-0.519781361257113,-0.87557625359819
"254",-0.83190947582356,-0.947231903929131,-1.57609833914763,-0.40860815328104,-0.441650409575946,-1.10436897996236,-0.774775395640246,-0.914166273171774
"255",-0.816167885123644,-1.14565536194231,-0.503903926349156,0.0850421062112979,-0.136928758748687,-0.90764942075903,-0.289825707594775,-0.256558405941151
"256",-1.29625405987065,-0.6757681855593,-0.717812578872071,-0.213602392141151,-0.125272470274448,-0.978140644793538,-0.811257858460979,-0.743880961999594
"257",-1.32691665582099,-0.689749019498014,-1.00537595010717,-0.126283374324192,-0.123193363091749,-1.35710028011697,-0.414657337491879,-0.437404454706047
"258",-1.03872590153503,-0.835930408534205,-0.312836948837728,-1.8174350822997,-0.121837995682258,-1.90745678096384,-1.19633802899221,-0.746365894150295
"259",-1.08482678366084,-0.8569504414914,-0.876847716086881,-1.38830053511067,-0.779610940340059,-1.84249878201931,-0.587110757232865,-0.670879184844818
"260",-1.2328940317175,-0.64687871927288,-0.759942210283514,-1.45988111271954,-0.129568658693803,-1.63030343201166,-0.729919639277392,-0.933051159646906
"261",-1.36488815385917,-0.569995099948601,-0.502750329935089,-1.00104562441787,-0.120618668684371,-1.60067560999323,-0.83680419858461,-0.631497821754744
"262",-0.918925375193841,0.284414554895112,-0.000348747545712742,-0.774419500407387,-0.150857609243782,-1.0720117643022,-0.623620028093993,-0.165806976606804
"263",-1.00667364524827,0.138155155535597,-0.289434108779237,-0.710233835899124,-0.23251711310144,-0.998840718374362,-0.882714198320998,-0.457157274727375
"264",-1.03360310180066,-0.182524952714033,-0.309096554970832,-0.26109914770304,-0.122185352107674,-0.476188678335001,-0.960875997604134,-0.754754091437352
"265",-1.39774876869495,0.100358366522182,-0.526743390091143,-0.200177318198165,-0.118390522690352,-0.819494792847603,-0.970155917297181,-0.663113990681549
"266",-0.657235923366826,-0.288501658972623,-0.612876600381452,-0.905806438147292,-0.126808873018256,-0.947524937563754,-0.516980176945813,-0.610137168923345
"267",-0.318600285955676,-0.411682336158668,-0.944206195247007,-0.635419848748674,-0.128873970040605,-0.834081421785346,-0.852102752201913,-0.574583583436066
"268",-0.814968715542446,-0.391238438396934,-0.326244899183069,-1.1067774217883,-0.137010069610088,-0.924974819996181,-1.05257805929294,-0.856482545935049
"269",-0.516370774249883,-0.155739518001455,-0.333240958794059,-0.758852168391597,-0.136360371651814,-0.56748792624066,-1.35507853606881,-0.755370259858988
"270",-0.496742467814632,-0.969193652483821,-0.142125963400561,-1.33491066391794,-0.137691288086934,-0.814045094505439,-1.37766585320907,-1.04377895225163
"271",-0.113590094005682,-0.938458759958767,-0.754359827948544,-0.981663091156928,-0.121878463586993,-0.891975856994126,-1.19204873002519,-0.747343140413402
"272",-0.281539925302572,-0.120649793557538,0.143554041030306,-1.67052097516237,-0.338534287730328,-0.839393798946504,-1.31645257260477,-0.720690063777745
"273",0.0129069303400191,-0.332512317929938,0.310310538902677,-1.08831213799101,-0.436244742242811,-0.491693579405237,-1.27561197758769,-0.441934805778589
"274",0.0289027355322531,-0.702153990776012,-0.0315770968501312,-1.42954604869802,-0.1315403286768,-0.952032501432089,-0.548515694575357,-0.382703786021379
"275",0.214863176350649,-0.00401058171236762,-0.120815023760624,-0.84120607122164,-0.192302269907309,-0.686006370999315,-0.787739761447682,-0.0117331666945658
"276",0.0646890674229934,-1.20673825164511,1.31235419041482,-0.603530595272054,-0.0921740113823282,-1.02521787741543,-1.16480578049978,0.567940600464916
"277",0.363767946223522,-1.2417051844518,0.470024815164489,-0.291523555141804,-0.112453346051671,-0.930653265001722,-1.49805855617159,0.41991331243793
"278",0.276516270295526,-0.25348346685095,1.82058597903112,-0.382546823858999,-0.10653716118532,0.0522525151638632,-1.22581195890069,0.391935452651393
"279",1.08528849641491,-0.237734514911228,0.321791630112251,0.212524531199996,-0.0986874831185301,0.262279707012336,-0.82708089322095,0.496071832495082
"280",0.717348053740014,-0.230716052580848,0.808507884231387,-0.565661823826884,-0.0946353452334258,0.252670725740817,-0.862163423732119,-0.00403499874977714
"281",0.303298854905373,-0.71755784344111,0.120539427793169,-0.271719406037563,-0.129249602611557,-0.372815614001002,-0.932428602909041,0.0143059782999881
"282",-0.242539230251552,-0.582602694797549,0.172030258750619,0.0404643341441435,-0.134031364003407,-0.394004275856844,-1.24682782888648,-0.101167221559572
"283",0.100512574502593,-0.227483697220563,-0.0275242480948651,-0.244657339974477,-0.115499481362166,-0.618696095331792,-1.00399125040294,0.175507299052998
"284",-0.447615199245528,-0.53904127579941,-0.154488682850435,-0.173476370543091,-0.120125988189014,-0.683565656834807,-0.958056510483649,-0.1924855333195
"285",0.557435937997878,-0.430348063746975,0.306096708233445,0.232017264338204,-0.146481615051195,-0.762176437716936,-1.0581696432615,0.964942781127413
"286",0.481727663657998,-0.0879327260936554,0.427602040842433,0.153036379145339,-0.141348141772392,-0.280243126700896,-0.302285007757142,0.747217590919954
"287",0.212644618855129,-0.0701063383832203,0.102581380761563,0.193823010771244,-0.143999126033618,-0.694953418903559,-0.154676460161525,0.854045717618549
"288",0.779709753595136,-0.507233746670731,0.0183565854507556,-0.179103220063698,-0.119760263221671,-0.0818083200595552,-0.766908506522024,0.158038005886892
"289",0.593743754581723,-0.622843662374693,0.81472428524097,-0.0516066758383325,-0.128047079725721,-0.0663836404392966,-1.03233468347624,0.3850370781448
"290",0.284971191957853,-1.10284955156273,0.460724465962896,0.067081848645227,-0.128006877574904,-0.565891293291753,-0.712498919917614,0.471430848297407
"291",-0.103940588325969,-0.248722494438471,-0.747314275958524,-0.136447096692533,-0.122532757717884,-1.34337258750475,-0.0238292294824616,0.603623587437878
"292",0.00488949237327181,-0.442417863720798,-0.274126556610342,-0.463720935631569,-0.10901566514488,-0.749766580124239,-0.188683309499003,0.0758140425577437
"293",0.160061045521189,-0.405933089107681,-0.514395518773128,-0.182534791363529,-0.119537223437691,-0.640059404354554,-0.61202854689623,0.0780011795583883
"294",0.398615480390233,-0.677546994951739,-0.742015587208539,-0.255169680756563,-0.114816217046113,-0.807761912407013,-0.810203551738784,0.106584285191759
"295",-0.381281387297022,0.0394733113692781,0.424295085597727,-0.1042751738233,-0.124623816914975,-1.21483285699785,-0.744498516680094,0.809396103804188
"296",-0.527160114307688,0.932429947736336,0.140998798078957,-0.256459741369854,-0.114732367749284,-1.3219982779072,-0.98290890996101,0.791992666531141
"297",-0.770808769421993,0.584918253942848,0.0997241531680619,-0.189139278013422,-0.119107955575541,-0.693681898899337,-1.12686067555425,0.00294448798267702
"298",-1.02025271988592,0.0976968524019718,0.0542180941268915,0.707284752631368,-0.123090587756203,-0.4324570198676,-1.38339958010404,-0.00780785909936493
"299",0.322194981409625,0.216262262282071,0.487903282428017,-0.252006464340832,-1.97512918325949,-0.305626690895894,0.0417438376594193,0.666748531630417
"300",0.28222228620596,-1.10410293516054,-0.601983384484126,-1.00954936317802,-1.95269047155396,-1.06236104700701,-0.368719761856809,-0.122028616808668
"301",0.699564541315428,-0.677394379441762,-1.05262908230101,-1.13428215049552,-1.34851429801397,-0.82528250903011,0.301325331991613,-0.129928226175043
"302",-0.27529632807437,-0.28913710571144,1.56238044352238,-2.02192864856969,-0.871622393653259,-0.51984113742142,0.277397484993147,-0.303798774758063
"303",-0.880507438693964,-0.218969806686516,1.34550399639342,-1.4966503807447,-0.989580156261678,-0.601654941482166,-0.562120406031947,-0.500815766137099
"304",-1.00915557752463,-0.445512527220857,1.29980483740973,-1.30935832045367,-0.123843040302236,-0.557543387356781,-0.149082456848146,-0.538516239750543
"305",-0.938893449147098,0.611079295533628,0.595739828929702,-1.67686727293881,-1.12371950518376,-0.597565307215469,1.25770727918201,-0.405213087937703
"306",-0.65477574482883,1.18609355907538,0.0960535213371426,-1.49977518126879,-0.511678009237584,-0.700819891875456,0.000745469697581711,-0.357896700809443
"307",-0.888824094739202,0.363223642168565,-0.203386681825757,-1.89966763765018,-0.339149637531275,-0.91472394338881,0.183916987385102,-0.906395828873822
"308",-1.07797749745928,0.722446497630863,0.0120705546564971,-1.02323401751457,-1.19437017054223,-0.601292020553034,-0.761392654976348,-0.682094373201436
"309",-0.956032674705818,-0.2156898018489,0.10110812996253,-1.13463204211186,-1.95231507667859,-0.538581370054647,-0.546871319632361,-0.881769801566933
"310",-1.02059041473874,0.100992339064196,0.278987803766991,-1.11909328008124,-1.17970113142006,-0.444054278959264,-0.528195633416536,-0.853567575059905
"311",-0.809399684236574,-1.27963665208084,0.0313882246544949,-1.22027471358581,-1.62687615843342,-0.91718608829782,-0.566703773818607,-0.865601413685827
"312",-0.545372575636528,-1.0599005546303,0.175933853242429,-1.14702877895735,-1.36741413721537,-0.479716057414069,-0.80205146034951,-0.964150827075468
"313",-0.370340398175177,-1.3604778963709,1.13941744077048,-1.64385293668144,-1.10191772801354,-0.526641705325394,-0.527732862056201,-0.746131885654814
"314",-1.22013993357884,-0.743863870807947,0.840421268909891,-1.6851898050757,-0.751875674260604,-0.991574186995379,-0.533101677824672,-0.868512089658929
"315",-1.08121010389864,-0.64970043907507,0.540060652031782,-2.33898394547814,-0.779856172833854,-1.65996617719075,0.201763221628578,-0.59137828304409
"316",-0.170142438432753,-0.792910087487926,0.176657698307898,-1.87580937434636,-1.39052078609694,-1.04682714216657,-0.902005003717569,-0.654742951708567
"317",-0.618129936374209,-1.0245411528364,0.653160700430488,-1.81946645940203,-1.32302410515694,-1.09644117376079,-0.742726540879585,-0.674170266254527
"318",-0.361619541942051,-0.739698705641955,0.615434569313262,-2.23129037433362,-1.14196570251474,-1.82105886637564,-0.615270519659731,-0.0770280964945609
"319",-0.875743803229985,-0.658817058346939,0.159730761730329,-2.00532898304756,-1.50400768577672,-1.93384074592218,-1.1372114930158,-0.415276168398431
"320",0.299926902607191,0.0382243048817453,-0.717607061530096,-1.74334169673155,-0.14991738629329,-0.692851902561851,-0.110995323344136,-0.655639487491524
"321",0.106516435295442,-0.0842294314505678,0.0250922678789958,-1.94511263982912,-0.699060240176956,-1.6086435647855,0.169112174213681,0.259016121575299
"322",0.739988515161828,-0.285477158528536,0.166137723356131,-1.65222611266936,-0.225572708926508,-0.93271131499462,0.0904819754308461,0.223078530939879
"323",-0.533087908795722,-0.84869832037668,0.361686916504271,-1.25352014116782,-1.11177889673705,-0.0904969010952657,0.924976690981317,-0.898843098825736
"324",-0.685540229824309,-1.25742885693172,0.298607219198493,-1.92621061031737,-1.24070808586952,-0.560094531539124,0.47308526614247,-1.23925778963731
"325",-0.410943319595203,-1.23847433238726,0.0973034349777484,-1.48401681745468,-0.922777787819786,-0.497139360117543,0.54464959791249,-0.927999746657427
"326",-0.763694325911888,-0.779061408891454,0.241543286029792,-0.814672508204451,-0.978940556986685,-1.091036825412,1.04768107870619,0.0846348152642942
"327",0.0557822761469188,-0.892049558318268,0.389848637519048,-1.19931043043412,-0.75597323164459,-0.67362979968001,0.610595799401752,-0.077108486545966
"328",-0.49332290646038,0.570923192369471,-1.77891312161126,-0.221159866269841,-0.117026732583617,-0.650433099206052,-0.172284562315126,-0.544757325678971
"329",-0.708569375376253,-0.346174345433389,-1.18070790977858,-0.124209486937592,-0.123328158307786,-0.687565384767417,-0.385316402465416,-0.611505463504294
"330",-0.603973439585286,0.00991835966870038,-1.63468793549497,-0.0150922250745136,-0.130420387606843,-0.741130943236006,0.106880084580125,-0.441081635047833
"331",-1.05208275255529,1.0083879964122,-1.20650669471158,-0.161070557462153,-0.120932321389728,-0.653414479668013,-1.06922047190355,-0.639072118873377
"332",-0.393264082953131,0.273877490110065,-0.821938241249658,-0.116775840602038,-0.133675480652916,-0.666334241765039,-0.89184146638449,-0.196058435869844
"333",-0.617400247428791,0.205947798693988,-0.985590458479519,-0.350600648106546,-0.108613547632303,-0.866496155868751,-0.572099667853897,-0.341590059952512
"334",-0.174954298346365,0.376866887437709,-0.791090773661716,-0.641291527748232,0.323833493965646,-0.251135714331358,-1.26482034034579,-0.801876279478016
"335",0.18051944317022,0.463515156298902,-0.274441616722105,-0.794147253724954,0.854459523642758,0.00701252977723221,-1.05092541492968,-0.630964682723673
"336",-0.323532040108207,0.956742000874499,-0.594240182279047,-0.521257732476917,-0.128539567646938,0.189189484569443,-0.718250089465241,-0.822777033329542
"337",-0.401869240086802,0.17060289166428,-0.0728546161829684,-0.0428658560763619,-0.144124259696195,0.537668204768721,-0.301801878933126,-0.772011982873356
"338",0.0931113182054499,0.115259358721546,-0.338262345910781,0.0691226926401869,-0.13589405416185,0.42725279626934,-0.118171521209916,-0.40241754455676
"339",-0.0332047251752513,0.263265589723083,-0.25370809449818,-0.0626535630895347,-0.127329071813052,0.495787139768574,-0.530994569833346,-0.622699280345433
"340",-0.0361417740543495,0.162575406516706,-1.62188741403054,0.25578364942569,-0.148026344544697,0.331495264965664,-1.15772559992228,-1.03708804312438
"341",-0.0801681042895394,-0.23788325720747,-0.818348610832442,-0.111647009135374,-0.124144674151534,-0.282368503303303,-1.27186895608223,-0.545800297425141
"342",0.0543538515722427,-0.0737465162419375,-0.720127886861461,-0.20992423399519,-0.0444886075997419,0.200420648805166,-0.803145281380307,-0.766069830438199
"343",-0.245371565707066,0.204242859821373,-1.24430542318345,0.0375095664732373,-0.133839314739251,-0.0616632597818306,-1.1246277401489,-0.779913018327529
"344",-0.233305718342689,-0.540676321548983,-0.833695853851469,-1.06008644097743,0.722356552335778,0.268883974198625,0.214482980473193,-1.56055965548032
"345",-0.0778795489255222,-0.370457613257636,-1.47557864297838,-0.74221473418107,0.693257503379812,-0.407116301813054,-0.493798318497532,-1.05416853359667
"346",-0.574057856390709,-0.456176964488969,-1.43606172184332,-0.222497599824261,0.844103203812946,-0.439297341957205,-0.00275548982127387,-0.917180848415895
"347",-0.475739853505488,-1.02470154675094,-0.43212507688745,-0.275656637949786,-0.169875975085072,0.223153041903777,0.308875006882158,-1.0702523962175
"348",-0.291841140131857,-0.5330991482698,-1.40678565567276,0.191225437266442,-0.358732226017283,0.538991392367131,0.380822127619194,-1.2084435030304
"349",-0.618659719318644,0.0409383297105663,-0.890044420300837,-0.424754442806531,-0.337740071961981,-0.0601744647602876,0.243708059844027,-0.921654862026111
"350",-1.12321298268274,-0.87100344741167,-1.03342590099507,-0.391002498607842,-0.600621307167521,-0.580897927456819,0.453141611237903,-1.02722264418135
"351",-1.13734972086917,-0.500514119424746,-0.69018087413052,-0.644364426558796,-0.126182971660036,-0.701700183370929,0.128703833232542,-0.918651862628428
"352",-0.0235437561914308,-0.794601000957166,-1.13057146158762,-0.768417303478409,-0.127984143224444,-0.471604536608602,0.0464205037079879,-0.809364269686638
"353",-0.561190322411814,-0.655910869595797,-0.719532706847572,-0.686302059614687,-0.133321338536036,-0.347978168253251,-0.23669959355344,-1.02367340402941
"354",-0.552700344904457,-0.138037425172623,-0.713333780197064,-0.796752142654561,-0.133897009729861,-0.187947957165855,-0.0165968806934611,-1.03757510036483
"355",-0.231954362936778,-0.574326986366181,-0.832709166544848,-1.05867667107975,-0.0668680446438085,-0.0300988393250506,-0.831317327536795,-1.47734945630217
"356",-0.705607988171365,-0.272840967966953,-1.13031284499131,-1.11199645599276,-0.134561218155347,-0.766354067373865,-0.796857234292245,-1.20639835244428
"357",-0.839446803060521,-1.01920225348989,-0.520900944853484,-0.655085400223411,-0.55950927881307,-0.640312672895759,-1.05202013729439,-1.07267035262356
"358",-0.811489259322802,-0.937921157495526,-0.677271302281963,-0.506612293727757,-0.137245997527929,-0.507713046394431,-0.940714463244677,-1.11844871693479
"359",-0.776312569127361,-0.750547963627575,-0.651587168002433,-0.1119938749404,-0.701888426262194,0.068150421639584,-0.531749290526273,-1.17604788781107
"360",-0.45918467823968,-0.883535254481543,-0.82183710911839,0.0166482079437099,-0.140237930589025,-0.194629528305203,-1.18130408457912,-0.934431110364653
"361",-0.608602765162788,-0.403394316920728,-0.754150732004879,-0.0199216606302053,-0.13010649167726,-0.109179196381036,-1.11310778372958,-0.946039113352759
"362",-0.131699906261746,-1.35446850153765,-1.86844229959329,0.51401602469351,-0.684075847139582,-0.315645530491214,-0.691138204921129,-0.795195884229168
"363",-0.472792467671794,-0.889739825178411,-1.71569007677435,0.12175925347953,-0.139315241173074,-0.409991420420532,-1.14042442999228,-1.08299526689208
"364",0.136541210859796,-1.44121242261897,-0.836902538815734,0.114429911640745,-0.138838860332461,0.209701118839883,-0.116911120840075,-0.815222476504023
"365",0.276116625679836,-1.62088923289118,-1.13679178401765,-0.0614625237359336,-0.127406485084388,-0.678500621067469,-0.674237038357748,-0.368299883761403
"366",0.0373599107128256,0.161822209841379,0.0228306978317047,0.451769615053575,0.231692123549049,1.30679318221305,0.198659551847194,-0.730326787812968
"367",-0.917351047144425,0.113798255452935,-0.352766173150476,0.0623722540001398,-0.150964358090513,0.708242140199172,-0.602613990223994,-1.36430600069142
"368",-0.815121394278602,0.880013938498775,-0.366515287379414,0.0497138932265236,0.128164561270013,1.15835384223013,0.135013197187998,-1.36085344582214
"369",-0.967905511690696,1.01595185837917,-0.0361114186732542,0.248246598849122,-0.147536463383688,0.638753926909862,-0.310696332607271,-0.768989237892123
"370",-1.2140241370549,0.629597677415278,-1.09973133990973,0.707331423698179,0.885160544745512,0.469566185215676,0.432974941667937,-0.963949185613825
"371",-1.23744291389727,-0.100683612729418,-0.586480102510753,0.205672119453358,1.30104328539868,-0.0915932140714407,0.257441990646336,-0.840179767473624
"372",-1.12365838136787,-0.425737803152496,-0.149833818278924,1.04021748995601,0.50419504733829,1.09275180619876,0.752509291955761,-1.0264933375061
"373",-0.460530895477663,-0.849882246879258,-0.646036587016139,0.492472011758534,0.737763776780719,0.807953491164199,1.05021667916818,-1.01764972290435
"374",-0.746749902786832,0.153868803461758,-0.630002093120956,0.515381951580536,0.657361416446044,0.323574133918817,1.13092889797666,-0.455648045589603
"375",-0.968553838432154,-0.255665742797767,-0.791951441828617,0.641911347294914,-0.126596080766063,0.401568993829715,0.450308012337935,-0.861267342551142
"376",-0.839370707317601,0.180171323393077,-1.05119575720142,0.418757465117213,-0.135355468791095,0.563530623561116,0.371686824640169,-1.07279495364984
"377",-0.681610971014684,1.10877365303239,-0.228874219945308,0.225415457444159,0.0808232066518782,-0.6750810625238,-0.255991450403776,0.462767175996888
"378",-0.453145426961404,0.42480720315639,-0.769194752908428,0.463756788860457,-0.161543850095441,-0.871912444008281,-0.184611438706136,0.515786826823129
"379",-0.489452933286866,-0.48268492284663,-0.26535417515074,0.425879832692403,1.42904811184105,-0.52367500649845,0.193814096452972,0.148122916152039
"380",-0.880426371471048,0.199167980560831,-0.325805753538684,0.458814217724366,0.823083974987143,-0.0473936602494595,-0.820836199450082,-0.485115009204014
"381",0.0448314976218349,-0.694891155692368,-0.373513683884072,1.09251938008173,-0.132620393904336,0.151295144818977,-1.15486121052739,0.0183287777255115
"382",0.171747910027331,-0.774089993751727,-0.634413035798801,0.151158476506555,-0.141226084859597,-0.152620958084219,-1.0495630916695,-0.360333135837261
"383",0.179189205315224,-0.770697080970387,-0.982546716300502,0.516842593725532,-0.141730649134152,0.36850847189536,-0.542589683521321,-0.628786518800621
"384",-0.872342308768323,-0.0404632693585185,-1.2520533116306,0.861588827069302,-0.557278767009491,0.219095911985618,-0.676631416382397,-0.847960565902035
"385",-0.55422940357671,-0.481402862174568,-1.24480059028867,1.34917966315025,-0.557952300185278,0.455271109820829,-0.821229952899723,-0.69337961640668
"386",-0.976602902302909,-1.04402328959875,-0.219245245052917,0.597094409741557,-0.146946728342276,0.322658759052986,-0.707285683891111,-1.01101674276081
"387",-0.892617217283804,-0.76586162875304,-0.865057229301079,0.326789349806859,-0.15264145951409,0.126140942490924,-0.578475009703921,-1.14853695275499
"388",-0.281131032452055,-0.528215796671663,-0.161481504375559,-0.155522653654471,-1.03022145725838,0.633350466584852,-0.329724699258797,-1.05513461169508
"389",-0.378678310856901,-0.161491286818432,-0.232705300111677,-0.615207728758198,-0.569855713007713,0.0828267843143642,-0.397127118760799,-0.895408317773166
"390",-0.360277160652005,-0.29361791008273,0.0860643308194234,0.0369440473632943,-0.126048028960015,0.100243349614141,-0.971797621547611,-0.506340851846313
"391",-0.615639055105885,-0.269535263939773,0.213020763976768,0.330659054655907,-0.12962938918457,0.666885549336089,-1.15633448179011,-0.934517720506651
"392",-0.783565701322073,-0.411186830511967,-0.126532643098614,-0.00025348197745359,0.245562939842703,0.234727587098964,-1.13713191186748,-1.07874849067661
"393",-1.16698971503876,-0.205627264226136,0.348878337114584,0.0405566634299579,-0.134037365074685,0.200028417741077,-0.602655334902551,-0.8701186129264
"394",-1.00399988436672,-0.54251276575616,0.467884777854741,0.210591989372285,-0.145089049289745,0.345626488769521,-0.879958721263047,-0.8807333143184
"395",-0.694300678020043,-0.370485793021781,0.468994267138156,0.212177217623477,-0.145192083420705,0.624928369051118,-0.883586800191177,-0.883221452019493
"396",-1.16267953658277,-0.957532160409466,0.705592314055296,0.0450531562210185,-0.134329620922855,0.0532337136018456,0.723906489745889,-0.535484438325894
"397",-0.813822339547892,-1.04178541788521,0.558509412110824,0.0874890417338468,-0.91635660567342,-0.0666254539098847,-0.231653215939988,-0.431244942489538
"398",-0.913352977683004,-1.39556856363063,0.220662286684681,0.102963086452696,-0.130339028892849,0.0736172223426984,-0.135561965355532,-0.86623163740968
"399",-0.930371235884334,-0.923592610211299,-0.233722178035703,0.204516240269758,-0.129185089320325,-0.152574902989233,-0.473208523417201,-0.752942584672073
"400",0.0318977166785923,-0.323853330589298,-0.559740695481504,0.00526303560019382,-0.131743406290434,0.0287978737179574,0.178621544681479,-0.302184899736889
"401",-0.106843298196204,-1.03818298474191,-0.307475034682573,0.218445879254873,-0.664864851467451,0.411918201634762,0.0327035377373815,-0.672967567006777
"402",-0.130410367089059,-0.91186126081647,-0.32468244557473,0.193860086238343,-0.120737948588222,0.288767940334237,0.706410767721565,-0.463532390350251
"403",-0.31117995905697,-1.23070278782123,-0.408437896773059,0.0881635537683648,-0.316796192198012,0.0779705789605681,0.660058285886085,-0.586733807764214
"404",-0.711302090152452,-0.0698362842967432,-0.0737696263823651,0.313747945707646,-0.528741607529724,0.195448133689728,0.473242096070101,-0.34284527597436
"405",-0.634092713656189,-0.449283469735573,0.111155162423734,0.0727936005762847,-0.434167145609776,0.364537355792966,-0.111774652017311,-0.733455366717903
"406",-1.00658992838914,-0.23874174987342,-0.466156441008541,0.602231086712144,-0.12401700664072,0.204991839622943,-0.193412032545882,-0.713563179238407
"407",-1.34196461004248,0.160060385091261,0.928254875780766,-0.141981800356463,1.84079523353808,0.04004634283974,0.335562540008472,-0.498187508771359
"408",-0.280539477967973,0.291008269567979,-0.0324989437277266,-0.47640674829914,1.33830543086025,0.11297551260761,0.497312358887973,-0.466059396172338
"409",-0.601650736872197,0.319378839294737,0.134842555506596,-0.370590279913085,1.6351071329586,0.256282420311001,0.66559111326172,-0.615730768135505
"410",-0.842530398222548,-0.232471262564077,0.00719795257191037,0.176847084816164,1.05842238973094,0.349082660997276,0.428139302688443,-0.725929432684645
"411",-0.50658748545806,0.122855845026078,0.38103610563171,-0.152110714546327,1.53001965573195,0.544498939304732,0.252185935625511,-0.685966714155453
"412",-0.829943379061571,-0.0896648188808963,0.546738692884699,0.0706711445869185,1.13648221133843,0.597154301557963,0.30078122527385,-0.746539724996062
"413",-1.19207171493523,-0.217063584750706,0.684131720367314,-1.53660123957491,-0.132336655642722,-0.124251618024103,1.83479694046658,-0.999894617256026
"414",-1.14728632035622,-0.573578434641797,1.24718198909863,-1.37057287155828,-0.342520776781701,-0.453163299367438,1.1143821663335,-0.560689666186798
"415",-1.12148001808982,-0.321944087081619,1.44280782600746,0.207340642941148,-0.137123194401147,0.0108176543642105,1.77889823107327,0.336706821217827
"416",-1.25600533660583,0.302054617323876,0.637450815630651,-0.0523068002886581,-0.128001574156256,-0.00289512907493289,1.11323750293371,-0.211824613126336
"417",-1.26799355978489,0.365122149968205,1.3358314886159,-0.0648132335263412,-0.127188701007493,0.0765396441061285,1.27360533068378,0.0640740205161093
"418",-0.364939543343554,-0.330010582583418,-1.50839101133947,1.105843605985,-0.125731891560619,-0.12772298074222,0.503765720849324,-0.071591845188019
"419",-0.897822974747442,0.595538852295284,-1.49567420490396,0.274891391947867,0.136108418514566,-0.545985212019479,1.01616335096565,-0.216194060401738
"420",-0.839528785404877,0.933969399979195,-1.40487809293827,0.0606713937733039,-0.135344750152426,-0.3900256201764,0.576779105563064,-0.389152580777509
"421",-0.64146299456456,0.815228527794253,-1.30849388411959,0.4230258876052,0.256823949599463,0.0622079579521856,-0.0402263646502843,-0.55054120592677
"422",-0.158932264775491,1.23394395706352,0.361626224222558,-0.193815876024688,-0.118803993536272,0.454042210618578,1.48114078404031,0.181130651348036
"423",0.674154598149605,0.510358652386384,-0.187264772269187,-0.683562265524322,0.152561285250003,0.53955741046916,0.478013948075796,-0.344590189687623
"424",0.53352563885651,1.02877388185759,-0.997078334085078,0.12418629110364,-0.0351864729500147,0.753344996877125,1.04950193001793,-0.199743841732842
"425",-0.0204516064454893,-0.00505413416271749,-0.421179908356408,-0.0493491704715709,-0.128193809449612,-0.257061405832505,1.13874027349719,0.210647866799888
"426",0.309393363280716,-0.132242980301995,0.124989311241849,-0.0267473461022561,-0.129662846687784,0.134575771941756,0.944470378594687,0.26059550605654
"427",-0.63023831508298,-0.344725553165333,0.11396943772852,-0.0424924416872384,0.0587796075222425,0.171477700802927,1.09566260390143,-0.398074887015806
"428",-0.487442633698113,-0.660001360069853,-0.183568541381923,-0.0957183559832876,0.60265838219129,-0.346004219899433,1.17528197744528,-0.127271120313247
"429",-0.796089809175165,0.402057053963899,-0.360693351890138,-0.21551313101313,-0.117393750052237,-0.142081102458664,0.4038032336143,-0.468197369606266
"430",0.0768275776629603,0.823988535822075,0.0435739652422579,-0.269366158561285,-0.113893497083103,0.0870130225714593,-0.0554310276247255,0.0434438078296787
"431",-0.154050193098434,0.105364743038781,0.541974309155103,-0.188722769016358,-0.1191350271613,0.353348848961752,0.387209585069381,-0.168555137921414
"432",-0.0332619738991381,0.499657801755651,0.405151118194463,0.33162781366344,0.771481657982658,0.507940890260304,-0.389333395287785,-0.0325616986184425
"433",-0.43592576066385,0.083091461671487,0.561180150013112,0.315946576095729,0.165142098584022,0.457006808951712,-0.552326680034649,-0.297049046782778
"434",0.0221082591842721,0.524904262790485,-0.968688166908021,0.38939151334348,0.373160741894726,-0.0391496279232381,-0.166892277290406,-0.0378033278699698
"435",0.505030798887637,0.124843997979374,-0.48753336598626,-0.0248473371093219,-0.0332543525729568,-0.0664692824156,0.105153208619518,0.188606070515373
"436",0.380078212501764,0.0336041310327805,-0.225200133541287,-0.274508251601748,-0.113559279542291,-0.265663362029096,-0.32775801898323,0.13693765996224
"437",-0.598172231815232,1.69853681744583,-1.53398656736676,0.633962189178494,-0.172606588532811,-2.38393051291399,-0.523406390972938,1.78624930302916
"438",-0.300161658203334,0.802962693107583,-1.18784457579682,0.623353524910852,-0.171917063536874,-1.61908724796865,1.249943316187,1.54663159330049
"439",1.78719624030538,1.38099532775189,-0.451429969282531,-0.808412504025399,0.200132749756752,-0.839749246465837,-0.445589025924812,1.38898481199494
"440",0.86343921483432,0.699464827389649,-0.844584847830345,0.229746800634008,-0.146334043082009,-1.47835298913883,-1.06705528327968,1.56646703905173
"441",0.709836159405872,1.4860990244892,-0.868345839369852,0.0695040082596362,-0.135918838304727,-1.24628437893686,-1.0042693350903,1.39086572262341
"442",0.918958547072434,1.37239948815219,-1.64780598497313,0.324085984582325,1.04463312514074,-0.137293987082643,0.646943665106575,0.61341216557705
"443",1.23027147083967,0.897542030214913,-0.890151595989789,0.768162959136327,1.31944911176569,-0.841753687495282,1.15038837870393,1.98296550069594
"444",1.96254577947788,0.676259709697336,0.431967518032922,0.889088552133305,-1.25309275934079,-1.45851847492155,0.25526078151018,3.5016223088639
"445",0.489763665679386,-0.118535477602362,0.256686041124849,0.16141975016515,-0.141893030716235,-1.2766166012435,1.34546188906519,1.84455748454955
"446",1.27824159377842,-0.249107159273734,-0.0194419122048023,0.0194772336599494,-0.132667278006245,-1.28816546272804,1.69682402694222,2.15277012616389
"447",1.38637488946729,-0.0661851560355652,-0.165505050213704,-1.02436583009095,-1.29293822767452,-1.44409226610185,1.19531991061558,1.62610151406207
"448",2.02070284831406,-0.808412919182251,0.0726309592989975,-1.16134746742657,-0.141217742118146,-1.54402676260864,0.731028159456667,1.77544186767052
"449",1.3285972282829,2.58373252184444,0.724458905039374,0.0720095707431794,-0.136081690848431,-0.968225553609381,0.526837902424759,2.83912305494222
"450",0.776391516604509,1.51989488541523,0.112399423669337,0.460437546890569,-0.161328111313624,-0.914336452977341,-0.76820784859681,1.88776369637338
"451",0.939659657062516,1.72795602267201,0.360159710563609,0.309261992988661,-0.151502244403312,-1.21049335644286,-0.415508047402846,2.38131418352197
"452",0.658879386325045,2.55940331769121,0.508715917736504,0.0163445474267587,-0.132463664675882,-1.2995700022855,-1.2212287123072,2.24311005971706
"453",0.899086303603786,2.56267747448824,-0.248047969971576,0.422661785069048,0.454130856706407,-0.953622130972899,-1.10296925708065,2.01271852584729
"454",0.49501685610461,1.1243643806417,1.24090456532259,-0.860396288886793,-0.184042072792387,-0.979814586128942,-0.692267658396628,1.33925163177942
"455",0.816194330475271,1.2330913029648,1.42717832866173,-0.488915466098244,-0.184923402066141,-0.982493304924149,-0.544607553705062,1.91592928839395
"456",0.738590110418707,1.23197391879623,1.01694896991848,0.742503334673512,-0.179661372341435,0.0649974266027546,0.600453899428443,1.78673150746054
"457",0.294343242241004,1.02941632380833,1.93006791577393,0.279053187397471,-0.149538780763874,-0.450448485029722,0.539610670289601,2.00161452056498
"458",0.305610584020522,0.554818198162643,1.40794435161228,0.529421684707414,-0.150302773847227,-0.96666769581321,0.0507909445243726,2.15401098318829
"459",0.950064228749223,0.56417854650073,1.55700795731776,-0.00138490114081996,-0.131311314328741,-0.274937470996036,-0.894208938060716,1.50213131982438
"460",0.899494985594847,1.39779176070012,1.16651809007135,-0.054140080448373,-0.127882417544,-0.125504766372942,-1.09463590484801,1.32866580802789
"461",0.738566193761325,0.98519631554758,0.743682412397481,0.0994759441517191,-0.137866906266238,-0.473708661059208,-0.995293144843035,1.34382246332507
"462",1.42322569408936,1.49262436875465,1.27566909506651,-0.150772717172918,-0.121601643945751,0.0050126843392907,-0.56148790046718,1.65118404886773
"463",1.76499176619159,1.40513786122133,0.946625175871755,-0.11573448177267,-0.123879003141261,-0.464476386077294,-1.04333442899038,2.02330355018323
"464",1.38212694205153,1.1654836670337,1.06887753076235,-0.193648028287491,-0.118814903035092,-0.812677896431129,-0.869732481681431,2.06017191428709
"465",0.879104718810216,1.18979264129876,0.894528931330845,0.567590691007698,-0.168292680028216,-0.449270370415582,-0.690985760938951,1.8904244757544
"466",1.02571663990077,0.362254499335317,0.599777365964819,0.399038926102719,-0.157337421941124,-0.205979196600618,-1.1394395785298,1.21532708200434
"467",1.43458787275015,0.0963146665420639,0.625064136452544,0.182581829788532,-0.143268489727681,-1.28956357006807,-0.0226495401859998,2.40930256291911
"468",1.47189140153823,-0.229344769390277,0.475517716514326,0.221497863078015,-0.145797891829477,-0.904325555459623,-0.71668205698831,1.83568320566781
"469",0.771924639121846,0.626920726027837,0.99305523805369,0.455777581507591,-0.161025230335331,-1.37711407332116,-0.855762946570865,2.40761551952647
"470",0.972083089480812,-0.0391351853115312,1.62131776810213,0.343086979962892,-0.153700746817714,-1.06855062587142,-0.639239423731462,2.32822326411253
"471",-0.364487995827215,-0.943158087930541,1.72227374328552,0.354052412139078,-0.14665893137123,-0.0309822669777547,-0.487058774253798,0.448123178047681
"472",-0.939668046974054,-0.376112895343622,1.75234064293155,0.277704672994497,-0.149451132181095,-0.698798642254061,-0.863962211777972,0.722386995253999
"473",-0.655457138017791,-0.18144067227881,2.08840685880859,0.25269983156696,-0.147825907482796,-0.164682630527643,-0.592458153593306,0.676211076148336
"474",-0.595765817490888,0.0513769709848246,1.60163988918687,-0.28156386221489,0.430112227561599,0.0170171529813671,-0.00761764984499632,0.151356343911296
"475",-0.411375629888463,-0.618419133508584,1.20592135046296,0.0301039385624988,1.10810081743553,-0.164617439838018,-0.647489879132947,0.105700175889031
"476",-0.0396123335310417,0.537928056367929,0.850546978521022,0.252163069482828,-0.147791019879178,0.0862138866980922,-0.0305307318316693,0.59163062404125
"477",0.471694211680676,0.215893874811628,0.243492694045231,0.142569215210901,-0.140667813788841,0.171694599600803,-0.810068289339766,0.251108961048774
"478",0.571586897613842,0.398507973105255,0.846779354064572,0.246779921743123,-0.14744113465049,0.124756109535484,-1.09067392716248,0.685502830070014
"479",-0.33274683565595,-0.34269998603116,0.556198051605058,0.589359801215336,-0.169707593842886,0.42819886931111,-0.376753701833761,-0.108471471911472
"480",-0.529352951264851,0.42777611367836,0.460879619425395,0.705756292842827,-0.17727294687808,-0.229355823225437,-0.485493692411612,0.563064694362378
"481",-0.735229034676104,-0.28289743876057,1.37126068170784,0.49098088751708,-0.163313318526341,-1.25266869864486,1.43185250120506,1.7544006318885
"482",-0.392069425777093,-0.407464839288509,0.3762593275995,0.205971677549348,-0.144788745650139,-1.58696246562943,0.603883245763624,1.43293804090315
"483",0.300123768022029,0.620850094760588,0.166453968016886,0.285083585620734,-0.149930734944484,-1.61563683394699,-0.533525655651663,1.90672640510552
"484",-0.174938013149378,0.339158026545668,0.574955960735615,0.110987721625876,-0.13861513037022,-1.80265767794174,-0.62259051755483,1.75286855038309
"485",-0.301052070246551,-0.26316433768726,0.8846739680359,0.30092340337318,-0.15096026608958,-1.13668790626255,-0.602632845099489,1.19848106053861
"486",-0.754853381952442,0.804693102180517,1.35693203487401,0.231894139824922,-0.161982670545846,-1.31883152936381,-0.66672380856388,1.53026519249151
"487",-0.82116280469618,1.55914635545805,0.906716713377601,1.75013002031404,-1.09341379586196,0.0688033251601825,-0.332414615648351,1.37465628564149
"488",-0.30876529997603,0.925758717337466,1.31292691730827,0.723637797201297,-0.10864441865241,0.164819916928227,-0.654014090074677,0.853585626749535
"489",0.123298097869815,0.468242031233742,0.87302980910253,1.21079776428233,-0.659573390785831,0.818955960631081,-0.648131478944568,0.565312434571297
"490",0.579292052987587,0.429389097791268,1.28628998196345,1.04350034502994,-0.106170745832209,0.57584559339008,-0.267437291675538,1.16959037123089
"491",1.10294276236027,2.10735810903857,2.11059031523076,0.396716157525087,-0.141677392198534,0.181986524024818,-1.03517508471204,2.10603369342749
"492",0.999863953110692,2.57781041367616,1.99516878170802,0.372068715711616,-0.155584455333719,0.0962555372341181,-0.503371949896859,2.28273420012107
"493",0.907403812572013,2.60073672843499,1.52585960733292,-0.0458893818168132,-0.128418683260106,1.33310915374181,0.0812454182571578,0.803178052785115
"494",0.809033999885801,2.144682394038,0.923684867757146,0.328716826960862,-0.12174862230219,0.79938017640761,-0.343360492648929,0.964251184410089
"495",1.01852682416618,2.03460122206273,1.07664530262241,0.0700370991065705,-0.13595348729114,1.19216807759299,-0.376376172537734,0.621222522076047
"496",-1.16171011394591,2.40105872023149,2.82770162804706,-0.431163729742247,-0.13439535356893,0.348946457428335,0.043139025533494,0.658849386314665
"497",-1.07140592855401,2.13383214483695,1.65615270081984,-0.217648948613478,-0.643590783281467,0.565690086955847,-0.425089872070175,-0.00155453933454752
"498",0.51538304282958,1.53795347150302,2.92714380444562,0.188146565735246,-0.143630177536273,0.688656955275746,-1.07951399212406,1.37549298379075
"499",-0.742724820010679,0.532639145988801,2.73182250472841,0.0423528115374342,0.341435304984072,-0.04171895318813,-0.746911229944919,0.819105308071753
"500",0.852863390036356,1.30799609477528,-0.812147838040488,-0.102787401065283,-0.124720516789628,-0.528870601389291,-0.579939613124013,0.807060929997455
"501",0.834211778572044,1.29949175668876,-0.6489827875133,-0.122245258169666,-0.123455826108279,-0.0335180993649316,-0.22061480676543,0.495909767751662
"502",0.503828260105253,1.73828593510512,-0.616962034629843,0.176092309106949,-0.142846694239699,-0.0455764995547968,-1.14876941355804,0.454760710535039
"503",1.40011106501362,0.868731693558311,-0.460809727921701,0.146614707074432,-0.140930756199911,0.306952020903406,-1.18221455784122,0.5010280748088
"504",0.0163123910696578,0.731312006540745,0.136013566055915,-0.0109959905544181,-0.130686628107962,-0.621577778825485,-0.757590994270326,0.662987249152463
"505",0.0446160328106017,1.18968598516095,-0.0201040891558601,0.018531121222635,0.0745416197372005,-0.082937071864415,-0.363081683954456,0.360373351042476
"506",0.159353845218664,0.899333274797696,-1.17381289118276,0.0189216051280643,0.342958249069833,-0.526050247243455,-0.536478390198995,0.172498857275591
"507",0.19382891994961,0.195449107917776,-0.795074123332227,0.17419397328442,-0.142723309243502,-0.183733990049879,-0.77598010080399,-0.05479735430767
"508",-0.59608633896328,1.97017303564479,0.363921657024679,0.314637028059932,-0.151851602337749,0.377090364065052,-1.30011030971117,-0.0189647093974662
"509",-0.265757727858572,2.07962302431956,-0.728839933036265,-0.460986033476092,-1.03009576113317,0.342318967883257,-0.638657028258031,-0.575686335986944
"510",-0.479775821371532,1.67363848948443,-0.177970645838089,0.270201026607895,0.266757015534983,0.534429030918116,-1.00092719424215,-0.396093770378622
"511",-0.420981359042968,2.45431640622349,-0.311825537671205,0.0929228665816066,-0.121931921664368,0.701756802717777,-0.81023890362077,-0.406942316151159
"512",-0.47106749792866,2.05454418970143,0.00517116310869725,-0.197942432224615,-0.118535782235093,0.0843584640713526,-0.399192757568333,0.0167617157951043
"513",0.390319647665519,2.47121837408988,-0.394505844153829,-0.263824114076074,-0.114253710028365,0.235884837112818,-0.488671599702229,0.291013967111462
"514",0.741204061853462,1.93897125291598,-1.11869177267375,-0.540774601731323,-0.0962529250984678,-0.578365122079951,0.839760154432221,0.811132006395877
"515",0.952083341304106,2.55257503464779,-0.386135830620119,-0.118585562586637,-0.131448222222069,0.660360779232591,1.30143776282777,0.730018702209115
"516",1.19970467685603,1.35644150789097,0.758899109803112,-1.33841221359302,-0.106445583670662,0.382505680688645,1.53907578222907,0.564992811242163
"517",1.17869877142928,0.93566181044893,0.213211349855084,0.190665560907382,0.989900733932346,0.94371836176423,1.78688852955305,0.684811334849681
"518",0.419823552579599,1.07973106299856,-0.0193967581293381,0.124876304242541,1.41269087254527,-0.0558588890388231,1.6170942362148,0.926087085232077
"519",0.809344996601419,1.83297330775788,-0.361805082195988,1.08130352722882,0.185187412995248,0.795379333230987,1.05388275173911,1.04124814310263
"520",1.25165199343558,0.729057587244806,0.44326134124627,1.69845694255463,0.176092778474976,1.41944601253181,0.759356122856778,1.16331653945758
"521",1.91946935848285,0.512652479014549,0.127266328761907,-0.276080569299794,-0.11345708455082,0.612060675340083,-0.11488157050556,0.651943182523096
"522",1.25111222381728,0.458126335194621,-0.0392503244553474,-0.00882484656758603,-0.13082774465298,0.20418296649801,-0.650267097748961,0.574156530132003
"523",1.8634262547544,0.319214553016286,0.31136293374922,-0.132352058876577,-0.00231934237083703,0.678954580063299,-0.610502644467638,0.580780394284233
"524",1.17459159365913,1.14283952486045,0.435228785052208,0.269267957125271,-0.125639188796713,0.233825010031914,0.0356155639007884,1.21199092610744
"525",1.47581984011575,1.139669975957,0.43015323333024,0.0234019480211737,-0.430956865958332,0.00908402023130894,-1.11124679946296,1.22337334483113
"526",1.53215790518497,1.50802597859868,0.47128826963545,-0.0371317375922403,-0.128987898615217,0.226780117719776,-1.15929030340727,1.13112402237551
"527",1.74753068362483,1.97971238111543,-0.303608175544932,-0.133950347469959,-0.122695037431344,0.717170337612257,-0.974938833830839,0.599704747443579
"528",1.70818047522372,1.58483529028741,0.021227326402721,-0.175001531361578,-0.120026858224993,1.22605227503109,0.395421743934151,0.407868914385203
"529",1.76594975859188,1.82022602780014,0.288423637946335,0.445380248110269,-0.144840382940488,1.64855873783892,-0.0400236656483866,0.577461653837682
"530",0.83319310412922,-1.30525142723053,0.410974177756851,-0.481229126518561,-1.00129717969429,-0.204075677266169,1.35455494913909,0.49757777014113
"531",1.1602013648283,-0.779214552448617,-0.587746117187905,-0.259392465791757,-0.86564369990347,-0.0394146412598256,1.33774071846999,0.389241172179926
"532",0.819414170732037,-0.451413942264363,0.272362899656716,-1.12855888314206,0.655648247009929,-0.525083831490191,1.26190773871579,0.44263353960358
"533",0.805050373206515,-0.636196268319108,0.342193045099242,-0.474168431785814,-0.100582086423817,-0.465062771999496,1.61462914750457,0.877434381254289
"534",1.02389958326985,-0.502143551959285,-0.381932277457471,-0.245859115726606,-0.115421370263569,0.149077420205107,2.08918521186099,0.433662403038682
"535",0.761050153378742,-0.275873951191987,-0.879184943744599,-0.198569411246706,-0.118495030855207,-0.399502054522382,1.18841599354171,0.444860515079268
"536",0.396704659683195,0.387302793369295,0.895873172578677,0.0643381202794786,-0.135583074178476,1.07477966939924,2.18618793048572,0.288475741823351
"537",0.94817125821273,-0.361888846425262,0.671708522694726,0.235254408372994,-0.131182959617829,0.665873061809463,2.86749785767544,0.907270325510837
"538",0.650284438708976,-0.6621477148851,0.373889708276014,-0.983498297445192,-1.10960102057284,-0.142489104428495,2.43363060906064,0.385795672984791
"539",0.242428090071437,0.286141903794585,-0.0524557822622056,-1.08748366694555,-0.0177845161683464,-0.736919528934891,3.00560490314429,0.719854593604859
"540",1.18196032015045,2.21192039030936,1.19597568400028,-0.713921158376594,1.36218154474204,0.336454861152305,0.720908242927345,1.20784194273645
"541",0.516237024583962,1.67541015132916,0.099232011459493,-1.00403307138529,1.03014720582667,-1.17319714059569,0.709588178438475,1.28867171173366
"542",0.885916742082117,1.66918472402155,-0.209430859586706,-0.104725205248386,0.887878865491414,-0.0402669542437133,0.909327450251403,1.01712413849338
"543",-0.152654615310133,1.99412591158834,1.29835993498431,-0.104379751858468,0.658871051233789,0.0735020816229008,3.01948192100204,1.46011234653837
"544",-0.189816407688167,1.50089563060477,1.84980957737499,0.416967404778296,-0.158502708528961,-0.574180266324104,1.67226779925165,2.21226225331308
"545",-0.637022277584929,1.7801738705124,1.57151663270464,0.271931568231012,-0.14907590114935,0.153327771338241,2.03911486309846,1.24398597630509
"546",1.8059267775927,-0.66647385674312,1.15329718553683,0.881426437633257,-0.126654641458572,2.27663859711444,2.88355804647231,0.589508499745472
"547",2.2200838582926,-0.275484429650379,1.05389275962782,1.34990605846334,-0.133840543498335,2.31494080082996,2.05097096738198,1.01393908015096
"548",2.75758917147229,0.20256388645121,1.52666815845621,-0.0447341312863807,-0.128493770386742,1.89443476434486,0.623165407996494,0.886787739691814
"549",2.23913479559993,0.041603410370348,0.714235817639826,1.01185934282761,0.545494873188827,1.58448981733879,1.48252642029537,1.23901343502303
"550",2.13548017999131,0.809846215043375,1.0724375078485,-0.216506562255419,-1.79281110546655,0.175481690487852,1.03601781709437,1.99086712398677
"551",1.12554223178741,-0.496964593442048,1.71721759455175,-0.782825241716242,-0.0805205046597071,-0.141987925439568,2.20326094223049,1.36189499120739
"552",1.38277486092082,0.788844013640285,1.24613406419671,0.403563164706674,0.857693210869945,0.0463738158126338,1.35010281438682,2.05911099612058
"553",1.34384215595974,0.599758237484951,1.74805786257882,-0.233587735291963,-0.116218965826108,0.476488868983339,1.18613414494208,1.43947682527011
"554",1.62559144630524,0.385555626828983,-0.16762539633979,0.0603406172953422,-0.13532325087185,0.314028590889845,0.937729381005109,0.978133662263101
"555",2.32772869817573,0.698801298293253,0.248571964719669,-0.20809472887819,0.421117732285823,0.49024273865888,0.574760002137188,1.26479350014463
"556",0.970145471044458,0.573334735176583,0.157402542060428,-0.338356775213023,0.252029378896441,-0.913025869584583,0.905003282816184,1.55467274517994
"557",0.629240594436798,0.181478358877814,0.487075260059179,0.224038678228313,-0.130453977524764,-0.616743189494906,0.558346531346839,1.43741192583061
"558",0.749310066472041,1.02436188771389,0.044393181377288,0.826526558046912,-0.138595405019542,0.152217351498591,0.850235781038884,1.32623018398613
"559",1.17105046691577,1.14467438342164,0.657659520377927,0.229153819468225,0.0608519023997342,0.242377236463207,1.15239999216127,1.48197482711855
"560",1.47967752855272,-0.640445991038655,0.256186452923282,0.862575764709148,-0.125429415563634,0.316362802281865,0.945477996545212,1.30247961314694
"561",0.747740374137149,-0.593793529469676,-0.0532185609208981,0.659114786668729,-0.126288612381881,0.131668117608978,0.710511640849366,0.715006347674929
"562",0.273447248108753,-0.768885187214981,1.28799477009833,0.80732202417522,-0.106329063146827,1.15107736227736,0.894394043366732,0.226114861478827
"563",0.971798501348591,-0.76231773471773,0.335392954006812,0.37921003011988,-0.616128970144453,1.41436737591781,1.82455442275012,-0.0710698553688136
"564",0.522144645200348,-0.484155671970101,1.29279682550588,-0.126300770866502,-0.123192232379111,0.972645648379499,1.18954530891255,0.0751604994717347
"565",0.368388637742948,-0.622795493685499,0.473398596517705,-0.406010180224881,-0.112766656540537,0.516958049335404,1.76103481060961,-0.100190369572183
"566",1.93792296103521,-1.73709446573851,3.01750830376751,-0.65117038050246,-1.44753832889084,0.511442837589842,-0.566713301426849,1.14218120157269
"567",1.37342958514786,-0.445573277451293,2.52502766767329,0.953929251224042,-0.139121592470794,1.65794786578671,-0.739239040365191,0.886408746976189
"568",2.18878982044703,0.258516028382754,2.97566156578055,0.00488169898528817,-0.131718620782927,1.13944912061684,-0.974388843755969,1.57771835029475
"569",-0.0118466138864913,-0.0970321784251158,2.15653704230284,0.602630226637695,-0.170570123733983,0.910618162165838,1.89198464407268,0.895774872349379
"570",1.73742720804739,-0.622274161866064,0.315830818418428,0.498511878142501,-0.163802805812336,0.128738694315211,0.383782582788175,1.31546545522706
"571",0.95117979748034,-0.0794835576040941,0.68197910502729,0.284860169776614,-0.173179800936028,-0.191205474591724,0.677262173206785,1.34529227575621
"572",0.820452999370104,-0.550291295160541,0.674921130784453,0.267789550772285,-0.164315743066875,-0.0695490370454362,-0.0528571088059759,0.875963992905886
"573",1.99252004074321,-0.958330376174772,1.20114585901387,0.479550225252849,-0.139306779401745,0.340699028082853,1.6658746207788,1.82158908447881
"574",1.81120774411553,-0.725700689729112,1.25361870138282,0.575481695503616,-0.168805566920075,-0.162849703643228,0.825323010198032,2.1343077615802
"575",1.46268591648006,-1.77554920938495,0.115229449001884,-0.503947863905852,-0.145173704949291,-0.234654373622489,0.769770373737936,0.483989427616232
"576",1.08623335981056,-1.90947920804967,0.595730613593689,0.140670357692393,-0.140544394884284,-0.0446407913548282,-0.109052461433468,0.510358188497353
"577",0.750651329852242,-1.13383653833411,0.575722873409425,0.11208347951637,-0.13868635068938,-0.224929847046908,-0.154539346121601,0.640650434644136
"578",0.123983561017485,-1.20707039842677,1.27533003168385,-1.09174109623316,-0.137987376654195,-0.507483534827354,-0.424444207098107,-0.0258538007823254
"579",0.169422613960877,-1.7997055230312,1.17995655408411,0.350926832465243,-0.16196483808653,-0.208324770100118,-0.617571975187141,0.420197583322075
"580",0.0315025249312238,-1.28005516443472,0.0185539485950411,0.326351981073912,-0.152613032120574,-0.311068511322336,-0.549886161989062,0.0480707120418495
"581",1.09448261342981,-0.535044894525913,0.248186860972053,1.46165378540778,-0.348251147400574,0.662978845028992,-0.87370497266708,0.838542425307732
"582",-0.0742860053775351,-0.711487362469439,0.648446663492278,1.40906110649144,-0.145439937788694,0.588506395833319,-0.714228582670287,0.306714374421291
"583",0.16846198339902,-0.193052208270073,0.600671961207497,1.46010809741873,-0.141003279404189,1.00905240019389,-0.742877216799297,0.243007911064766
"584",1.42715181230095,-1.14068156500765,0.266067807977061,0.413438440491332,-0.142764280406463,0.80046503393855,0.171963197301292,0.285905012387556
"585",1.52189470143977,-0.549213652191222,0.512027446734972,0.273662635333398,-0.14918841428075,0.729511372851205,-0.89389258124613,0.387039518363141
"586",1.06702211244303,-0.513298884788768,-0.478997156586043,0.478549833609999,-0.139241757545451,0.998750495834694,-0.307887844766587,-0.312414261230976
"587",1.1278794966577,-0.108615440512163,-0.434562355603172,0.184116715197298,-0.143368251755071,-0.0720504328159646,-0.641717704978088,0.527588729306277
"588",0.722817358430463,-0.0808065993793255,-0.280284471509639,0.404547560321165,-0.157695463339294,0.412009374272186,-0.563393141997284,0.0961826173603736
"589",0.36227138081402,-0.827736191382864,-0.013185451555096,0.505644621476486,-0.133248292167952,0.904397451356905,-0.228830505424875,-0.509371782089732
"590",-0.112679114024415,-1.1401948818504,0.09006369942555,0.533859020998374,-0.142836655663359,0.626968110611304,-0.607241660906904,-0.655495110578274
"591",0.288129748213352,-0.823825322493157,0.864830408613795,0.272571105184879,-0.149117468749604,1.27823589024338,-0.70138631034898,-0.721745480517766
"592",0.655501255355566,-1.34855503355934,0.683032845309699,0.847969764879053,-0.132234607215317,1.25381244626541,-1.02534814664507,-0.399469692528771
"593",0.582215134118373,0.026418918224113,1.38488989624067,0.377174634073936,-0.355309196418363,0.813387942237213,-0.648350149970285,0.411831071793629
"594",0.572717194552444,-0.354846813214949,1.02438809411749,0.36726613092859,-0.147517775535282,0.889313805548134,-0.507718444185735,0.0856914638216732
"595",0.555455096404713,-0.0885829913335915,0.835000777225081,0.587871957788604,-0.146347302157701,1.14817261209033,-0.266941677388304,0.0285339030487473
"596",0.0419752102376222,-0.319258424006846,1.74580230164643,0.0157761448839209,-0.132426720556327,0.905834377624554,-0.967023270866957,-0.233263092098102
"597",0.316355743094953,-0.0948016073623781,1.72112398805711,-0.0194840063210764,-0.1301349376322,0.406208476809396,-0.378569534929145,0.505463959942019
"598",0.29032025220892,0.064661446734216,1.17176389431108,-0.0466449228066124,-0.128369575815023,0.536707857771878,-0.579537032249939,0.120980400541833
"599",0.925150628175579,-0.475185745818817,1.71560083893857,-1.33975301877413,-0.129622023376877,-1.36560511809195,-0.799421916375202,1.37207957433442
"600",2.66775884425835,0.812674772497317,0.753945035800128,-1.33151805119993,-0.230908520522323,-1.29376354394252,-0.791658172925325,2.31522223184709
"601",2.73156346141287,0.159879910338189,0.671981109090397,-1.1820682644563,-0.147625493959513,-1.14556836673723,-0.617998607312175,2.13324080251147
"602",2.54824355611892,-0.646758924970962,-0.217235912484339,-0.2631290446036,-0.114298887042465,0.281853200413924,0.0736247389837099,0.887883592559245
"603",1.64119318416061,-0.0219820101355327,0.325883711490847,-0.00627034815294594,-0.115484719711202,-0.3056749208624,0.271921916791526,1.45720789577421
"604",2.22814465571697,-0.789260888794211,0.834762045652188,0.201664703174206,-0.320638095367308,0.111019233860457,0.164265952380473,1.59078397502545
"605",2.15398017957335,-0.617475770891961,0.42704420359957,-0.3529338641233,-0.108461896988651,-0.785166178561066,-1.2989999450152,1.54137681496979
"606",1.77367284135233,0.377641844882526,0.727947355462373,0.287662946845538,0.182489490835045,0.0513435078641593,-0.816886452108699,1.48863454772995
"607",2.11727594370907,0.774177957952506,1.86274521820883,0.407504734356492,0.474844334626497,0.864957747658009,-0.734150750473912,1.69481691708342
"608",2.30293502101004,0.615513329214997,0.977761691733241,0.279688001238368,-0.118561925089024,1.16267995345672,-0.813458470734076,1.04120569845486
"609",1.42246095622994,-0.323866052332312,0.744760351077206,0.206350648033835,1.05228549827718,0.600247629473598,-0.734045831744512,0.541938009872423
"610",1.47418001174679,-0.605236337618422,1.18432256823205,0.223885402111358,-0.145953073273694,0.280764498020489,-0.0964391790195476,1.14855224751274
"611",1.34675323968798,0.26186677683778,1.44484928287494,0.926099778204048,-0.285275208199464,0.945021301647214,-0.29626191873501,1.2717810119421
"612",1.23247909922199,0.316012586794774,1.40964524728349,0.293237802335824,-0.150460729683265,0.531079124859993,-0.420307076213535,1.12512126117046
"613",1.33545457448367,-0.63422238591709,0.199115398410503,1.39154092362295,1.82642159555128,1.10166306497248,0.980292031924646,0.777744073081383
"614",0.344639556363671,-0.0168212074889299,-0.25107554131501,1.59743405360832,2.14773679111961,0.722414392343997,1.15870398897609,0.622080487737124
"615",0.795757383930446,0.908472579758375,0.0783065237610548,-0.0794747920290531,2.0776916590981,0.133678374278307,-0.66150659946948,0.395946798069982
"616",0.737983059016425,0.0562766907004872,-0.365676926643178,0.254594595902516,1.84603731138223,-0.664078289231734,-1.16150877849912,0.738899962733924
"617",1.16615093314913,-0.327583615318849,0.348748046301954,0.903464875637341,1.30290044508347,0.205936350024581,-0.262688192906572,1.07079948498128
"618",0.932892647983991,-0.605273555038076,-1.05904885921517,0.779430682593772,1.31871675029443,-0.043915012843428,0.0993347279404879,0.427666994939219
"619",1.30427151661731,-1.15899344451348,0.754930392378209,1.68051114838245,-1.48699056629761,1.85277133105608,-0.574298643161181,0.238760131663416
"620",2.42316987063848,-1.11153962356254,0.0932417184234089,1.24026956743958,-1.34000650295064,0.66491406826711,-0.226113547489059,1.44229081227008
"621",1.19372766851455,-1.5897812549553,-0.257932909648107,1.24368764620132,-1.43887028664447,0.660297419674696,1.11653664028337,0.668119401231505
"622",2.43461274822661,-0.451803021126138,-0.203737402570024,1.57370830166815,-0.148386883823878,1.91884663183297,-1.16016716213449,0.406395416546972
"623",1.95825851131344,0.36245401105607,-0.85687983854306,0.92103590003259,-0.136983643029239,1.374025326588,0.0796821902055113,0.340076801887815
"624",0.246711429764427,-0.434957865651566,-0.0975611356687321,1.57815994091399,-0.924409766233464,0.817054538553285,-0.703938337835189,0.192386550516099
"625",0.0973241523317595,0.0109302945643778,-0.029852263116192,1.06439400018079,-0.8748237680387,0.714832806443372,-0.725994745739304,0.00988221632782374
"626",0.428501572372387,-0.389785612401205,-0.896977822047901,0.9690788187938,-0.116842672620962,0.698063761599691,-0.755735004450454,-0.369466638545463
"627",0.173548363699297,-0.43405027331289,-1.03489817512333,1.26322017796161,0.145880632182985,0.873237081140967,0.303014339840466,-0.371197991803814
"628",0.728941569871823,-0.149997331972748,-0.324045719006432,1.52111992086816,-0.137214299269367,1.02524631824483,1.25415534437,0.590775583883936
"629",1.31344592781596,0.00336282822840751,-0.395537327993654,1.52430791154137,-0.538316889739903,0.581861262269068,-0.300382639304912,1.06213364346259
"630",0.907248773330958,0.30478875168359,-0.418871629747019,2.34008994431911,0.0590109089915393,1.13006323703425,0.0319629782840232,0.974277800810284
"631",2.4684664998137,-0.614600204495406,-0.275484844239562,2.63632174264545,-0.108889526039652,1.2385912195831,-1.12881337253532,1.61647308166267
"632",1.9768134311652,-0.588556842482187,0.394152174247153,2.37207752619252,1.13423513186219,0.050115852959592,-1.02228566976142,2.44526806072112
"633",1.53928604946231,-2.1552741838411,0.653276316427588,0.924760958963361,-0.129471229380504,0.21673627545272,-1.37041057741702,0.777760459023691
"634",1.97580077718433,-1.27780453365814,-0.00838694554843711,-0.217314135221014,-0.117276691260688,0.0479800869047131,-0.589621823800826,0.559704742992175
"635",1.60093664494335,-1.61316176848496,0.521506819979905,-0.442608140599343,-0.1336515080526,-0.0577605478650471,-0.596227596869134,0.420543445157004
"636",1.81504797233183,-1.55325243563929,0.806390077599002,-0.0635145163220852,-0.127273112951579,0.340592781234235,-0.695365749402177,0.574573232912357
"637",1.74839093392892,-0.894859233542919,-0.254747248335703,0.188448308539328,-0.143649789732541,-1.42257293294703,-0.878384787998766,1.88755702421113
"638",2.8574521139304,-1.46524413545605,-1.0521691389077,0.0594455460616515,-0.135265074463095,0.0963374299646137,-0.999076041967583,0.637846779449956
"639",2.94193662822473,-0.398718051171612,-0.106565784602502,0.147582038172142,-0.140993629239758,0.196195442221756,-0.681379181359644,1.43916213066657
"640",2.42110998223279,-1.24954614530893,-0.0850457595077232,0.164357156835766,-0.126574893432976,-0.207783843072205,-0.559086627913586,1.27481784082039
"641",1.73151071520843,-0.388553514860535,-1.68133994189071,0.170838415454085,-0.142505210061461,-0.304287553876439,-0.145148702650015,0.548430042330238
"642",0.971807092056998,-0.793131181788295,-0.6770687017494,0.700720212189738,0.0534653712965752,-0.411461451613774,-1.30398466380804,0.620216359141568
"643",0.736829763420709,-0.112133827518132,-1.02542001393242,1.29073498743907,-0.137749165915771,0.185438321975488,-0.720945824448244,0.492436321791948
"644",1.9291158800758,-0.370437112186882,-0.524591310711544,0.0554841585819524,-0.135007598534276,0.0391450176636089,-0.622801751945977,0.729487423366336
"645",1.86443653282476,0.182607896034614,-0.218249788720277,-0.369912216645571,-0.140486114486143,-0.0729835512984112,-0.917899505413929,0.749972023308662
"646",1.83249686762619,0.0652442976020261,-0.418353878593209,-0.0453113647114799,-0.128456252291621,-0.0123435561188658,-0.710428318157686,0.802270810468072
"647",1.59824251898885,0.335369397991094,-0.589393851727042,-0.289691731018532,-0.112572408026797,-0.33897003054522,-0.83695377339337,0.758729889521022
"648",1.76493527701934,-0.342495978405712,-0.290900274052737,-0.354407519498988,-0.123875172837919,-0.495668232596261,-1.21156824712047,0.827474866011129
"649",0.66019223724048,-0.489745517294012,-0.197459340048498,0.375635308495271,-1.06964808213539,-0.160012227732557,-1.24953836904431,0.361655652717018
"650",0.909208420532869,0.0623650299126325,-0.112106703310278,0.708255493423588,-0.906641753366786,-0.408561280862685,-1.20019489022897,1.13399816046204
